lat,lon,depth,salinity
63.45039590026603,10.396349958496696,0.095839,22.423
63.45039759611532,10.396351149563866,0.082547,22.421
63.45039930075012,10.396351703976404,0.095081,22.377001
63.45040133627053,10.396354182563114,0.086943,22.374001
63.450404440948255,10.396355785630876,0.080495,22.327
63.45040806404395,10.39636046785699,0.084981,22.334
63.45041275738394,10.396365132017882,0.086892,22.358
63.45041860735025,10.396371850648872,0.081952,22.388
63.45042475503634,10.396380928283458,0.077739,22.409
63.45043215856772,10.396390849070656,0.084635,22.406
63.45044056794314,10.39640108483699,0.078971,22.421
63.45044996423509,10.39641106518101,0.087032,22.424999
63.45046023504632,10.39642163710833,0.091206,22.489
63.45047150977919,10.396432513587254,0.080046,22.518
63.45048315926241,10.396438820213705,0.078836,22.518999
63.4504953806044,10.39644376912934,0.0872,22.528
63.45050774423958,10.39644612551355,0.092981,22.513
63.4505202816719,10.396444670055894,0.105961,22.490999
63.45053306501812,10.396440387190394,0.119742,22.565001
63.45054560793016,10.396432163544802,0.14766,22.632999
63.450558326579696,10.396418214421969,0.212265,22.686001
63.45057183832517,10.396401071898673,0.321506,22.747
63.450580922910575,10.3963779735645,0.445736,22.780001
63.45058864034937,10.396349033291184,0.512007,22.83
63.45059276073465,10.396317888049532,0.520285,22.834
63.45059260968288,10.396286565343113,0.527816,22.830999
63.4505886400709,10.396257962131768,0.541854,22.815001
63.45058162280627,10.39623417873531,0.601373,22.872
63.4505717459334,10.396214763238753,0.629092,22.936001
63.450559704703714,10.396201684665767,0.567819,22.91
63.45054672068275,10.396192650751663,0.541971,22.857
63.45053277853628,10.396185471882724,0.637113,22.885
63.45051854634164,10.39617559054419,0.669993,22.966999
63.45050359643771,10.396161762781778,0.614735,22.940001
63.450489266371584,10.3961457627823,0.531522,22.885
63.450475067890736,10.396129722968302,0.529606,22.863001
63.4504617546281,10.396113338785089,0.597907,22.877001
63.450449412929785,10.39609462976025,0.648884,22.996
63.45043796906204,10.396073743710152,0.606874,22.940001
63.45042881182086,10.396049564196025,0.477395,22.868
63.45042120350047,10.396024202087206,0.391254,22.827
63.45041654852754,10.395996764813525,0.418772,22.802999
63.45041253971307,10.395966522970763,0.452656,22.804001
63.4504107830029,10.395935068060735,0.453616,22.802999
63.450410392343386,10.395904098154103,0.464638,22.801001
63.45041155307501,10.395872204430452,0.481249,22.84
63.45041428381987,10.39583928756714,0.477854,22.816
63.45041633277907,10.395803912216945,0.489279,22.811001
63.45041888916984,10.395766841150678,0.5015,22.806999
63.45041979822935,10.395729748693675,0.51594,22.823999
63.45042089974401,10.39569206320893,0.526465,22.846001
63.4504212108936,10.395654954621271,0.52831,22.844
63.450421817032094,10.395618186521748,0.518423,22.82
63.45042228362623,10.39558138342704,0.495757,22.805
63.45042338212255,10.395544359712922,0.486628,22.804001
63.45042436054101,10.39550743534245,0.47118,22.805
63.45042587079829,10.39547097724171,0.48816,22.796
63.45042703426977,10.395435220082428,0.500226,22.785999
63.450430445722304,10.395402637031644,0.526561,22.781
63.45043637545904,10.395372427709436,0.486324,22.773001
63.4504442995913,10.395344068823992,0.487968,22.76
63.45045496325393,10.395317276594175,0.441126,22.743999
63.45046634626978,10.3952964192113,0.426499,22.733999
63.45047866082997,10.39528007809832,0.596245,22.874001
63.45049361402174,10.395267379778092,0.718996,23.190001
63.45050879119055,10.395260391677306,0.645456,23.171
63.45052336332579,10.395258841852334,0.640394,23.138
63.45053880395262,10.39526261975437,0.622505,23.208
63.45055458039678,10.39527182519886,0.642617,23.167
63.45056813134476,10.395285530064571,0.772035,23.288
63.45057958289311,10.395303255359018,1.059815,24.530001
63.45058953049036,10.395325545917297,1.467696,26.695
63.45059652226079,10.395350706018938,1.817266,28.568001
63.45060072489585,10.395378851633955,1.867719,29.263
63.4506046188427,10.395407955814086,1.765276,29.465
63.45060459005168,10.39543876511228,1.508566,28.531
63.45060399049785,10.395471398925816,1.140229,27.450001
63.45060343480876,10.395506852873275,0.802604,25.683001
63.45060386603621,10.395543568170751,0.621995,24.337999
63.45060476742411,10.395580436943163,0.579823,23.688999
63.45060645286191,10.395616942251236,0.561381,23.395
63.45060906874813,10.395654646959455,0.527593,23.187
63.45061175728113,10.395691712563,0.465369,22.92
63.4506153595359,10.395728490218682,0.404685,22.794001
63.4506185799077,10.395764891769684,0.374315,22.716
63.45062180000103,10.395801212374266,0.337914,22.679001
63.45062462807839,10.39583778677864,0.336499,22.669001
63.45062730646042,10.395873381025329,0.333196,22.663
63.450629839009885,10.395907961390382,0.324557,22.666
63.45063216786628,10.39594330467398,0.324961,22.666
63.45063445203147,10.395978050557185,0.32368,22.669001
63.45063640338868,10.396012520954876,0.336451,22.674
63.450638388468654,10.396046800015698,0.347348,22.686001
63.45064072061288,10.396080916020312,0.364856,22.698
63.45064284029648,10.396116141508283,0.377251,22.705
63.45064504167289,10.396150328044392,0.393713,22.712999
63.450647262515815,10.396184135524562,0.419214,22.718
63.450649725149376,10.39621843438555,0.425258,22.73
63.45065220424008,10.396252232778409,0.435465,22.745001
63.45065423455025,10.396286011390307,0.447065,22.746
63.45065660891532,10.396320312690545,0.474576,22.757999
63.45065883085418,10.396354397429343,0.488817,22.763
63.45066083293029,10.396388533006787,0.492052,22.777
63.45066280484095,10.396422382162488,0.499942,22.799999
63.45066480472517,10.39645628039159,0.499547,22.804001
63.45066678459492,10.39648965237313,0.507677,22.820999
63.45066886562399,10.39652289620928,0.500988,22.827999
63.45067116815973,10.396556522229714,0.509287,22.832001
63.450673418889615,10.396590502745855,0.508997,22.863001
63.45067583354413,10.396624122083322,0.516364,22.906
63.450678087561855,10.39665794253102,0.507721,22.948
63.45068044300839,10.39669093439976,0.506259,22.951
63.45068259230047,10.39672362750508,0.515121,22.955999
63.45068487564819,10.396756756125772,0.512688,22.99
63.450687205322055,10.39678998352969,0.510499,22.987
63.45068932692804,10.396822980863636,0.498346,22.981001
63.45069144002698,10.39685536239691,0.500588,22.983
63.450693558884126,10.396888425359553,0.501069,23.003
63.45069563635586,10.396921323327785,0.502527,22.993
63.4506975912704,10.396953233761629,0.492816,22.983999
63.45069973234289,10.396985530691287,0.493195,22.992001
63.45070201514264,10.39701817358382,0.487556,23.01
63.4507042507898,10.397050331941768,0.47275,23.025999
63.450706495474016,10.397082756486004,0.477121,23.033001
63.45070864942835,10.397115092691513,0.485252,23.017
63.45071084751694,10.397147506194912,0.496368,22.941
63.450713069177326,10.397179457236676,0.501381,22.910999
63.45071510414975,10.397211062307656,0.511518,22.903999
63.4507173515918,10.397242890710478,0.512925,22.941
63.45071945783658,10.39727489817938,0.506762,22.951
63.45072155750571,10.397306771918352,0.492105,22.931
63.450723713373456,10.397338915559152,0.48983,22.896999
63.45072605539018,10.39737104456277,0.499155,22.860001
63.45072821208437,10.397402763783791,0.508618,22.857
63.45073013630346,10.3974334561945,0.506368,22.862
63.45073246104557,10.397464267740954,0.519069,22.865999
63.45073490147277,10.397495447331073,0.519653,22.874001
63.450737170016254,10.397527014511914,0.470516,22.875999
63.45073955068749,10.39755684597434,0.468973,22.868
63.450743207218494,10.397584174257336,0.601182,22.891001
63.45074769139467,10.397610539927308,0.781957,23.094999
63.45075270823609,10.397636121946377,1.010229,24.357
63.45075733853229,10.39766135054235,1.316114,26.007999
63.45076153293877,10.397686588786252,1.645164,26.9
63.45076547540365,10.397711598787163,1.963309,27.489
63.45076866480153,10.397737405833029,2.266837,28.783001
63.45077109865306,10.39776368242339,2.555176,29.365999
63.45077338227027,10.397789686651253,2.825892,29.620001
63.45077615825431,10.397815313231936,3.085248,29.823999
63.45077946361575,10.397840743767055,3.347155,29.924
63.450782975401154,10.39786663807124,3.629442,29.996
63.450786742416,10.397892791304857,3.937942,30.26
63.45079039237133,10.397918993578736,4.255881,30.400999
63.45079391155886,10.397945221573412,4.58488,30.462
63.45079698909847,10.397971841935206,4.89246,30.518999
63.45079987775824,10.39799846958373,5.112656,30.539
63.4508030753757,10.398025482539966,5.2284,30.552999
63.45080670504706,10.398052626934884,5.26913,30.559
63.450810466851685,10.39808098336381,5.285595,30.558001
63.45081436847015,10.398109395045491,5.316976,30.559
63.45081810587652,10.398137699948192,5.369757,30.558001
63.450821852885866,10.39816572885514,5.430316,30.563
63.450825442249815,10.398193541812184,5.474244,30.569
63.45082919145106,10.398221342580984,5.501542,30.584
63.45083293790346,10.398249556753631,5.522742,30.584
63.45083639239429,10.398278240628136,5.555169,30.569
63.45084001575948,10.398305789879918,5.4542,30.555
63.450843685998784,10.398333642156771,5.2156,30.549
63.45084764299841,10.39836151664592,4.887606,30.535999
63.450851825340514,10.398390105160132,4.458606,30.525
63.450856191361225,10.398418433708782,4.144572,30.506001
63.4508608652437,10.398445685355195,4.106439,30.48
63.45086548402349,10.398471920063272,4.223017,30.469999
63.45087001480427,10.398497580640615,4.428154,30.48
63.4508741047636,10.398522782283484,4.693535,30.503
63.45087766233615,10.398547772702036,4.942149,30.521
63.4508808818815,10.398573712441602,5.126907,30.530001
63.45088407045293,10.398601378141096,5.227044,30.537001
63.45088701778169,10.398629738055826,5.28252,30.538
63.4508897726553,10.398658768891922,5.324553,30.538
63.45089261305755,10.398688227879951,5.361448,30.539
63.45089565167314,10.398717295646666,5.399136,30.538
63.45089890713316,10.398746651778808,5.434653,30.542
63.45090242002349,10.398776102487954,5.459197,30.541
63.450906151671646,10.398805441672138,5.474576,30.542
63.45091021557982,10.398834848474896,5.479162,30.546
63.450914145710826,10.398863466456914,5.495447,30.554001
63.45091808324395,10.398891689460958,5.498735,30.552999
63.45092237470446,10.39892029165561,5.507942,30.544001
63.45092653319629,10.39894882635228,5.523432,30.540001
63.450930599574825,10.398977747424825,5.530612,30.542
63.45093431669722,10.399006467172182,5.545188,30.544001
63.45093798364869,10.399035578216598,5.546158,30.539
63.450941485292105,10.399064528511907,5.549902,30.538
63.450944772283,10.399094050353176,5.543902,30.534
63.45094800800702,10.399123145293672,5.535947,30.531
63.45095152143634,10.399152393691033,5.517422,30.531
63.45095494029098,10.399181714427703,5.501551,30.531
63.45095852581912,10.399210873333578,5.508071,30.532
63.45096202060839,10.39923976355442,5.497107,30.541
63.45096575253503,10.399268715206428,5.503479,30.552
63.45096983399629,10.399297592214976,5.507213,30.570999
63.45097380743509,10.399326584487245,5.515293,30.58
63.45097776032043,10.399355371897537,5.513417,30.587999
63.45098146812729,10.399384392285535,5.508436,30.59
63.45098508683022,10.399413251936116,5.509386,30.587
63.45098870361076,10.399441687139197,5.494781,30.586
63.45099224062086,10.39947110246299,5.492083,30.586
63.4509959804976,10.399500400129732,5.486774,30.582001
63.45099948186254,10.399529199643062,5.484236,30.579
63.45100289276709,10.399557923091102,5.486759,30.573999
63.45100639413203,10.399586672312587,5.487413,30.576
63.45101021296173,10.399615749245662,5.491714,30.582001
63.45101391226154,10.399645200260595,5.497446,30.584
63.45101776564046,10.3996748329005,5.496824,30.583
63.45102145370234,10.39970405084659,5.505878,30.582001
63.45102535696472,10.39973304687345,5.493021,30.587
63.451029107800906,10.399761809759209,5.481569,30.582001
63.451032914296725,10.399790833975189,5.477865,30.59
63.45103678795062,10.39981936387347,5.463548,30.593
63.45104058485244,10.399848543881918,5.461015,30.603001
63.45104421507177,10.399877491987857,5.46464,30.606001
63.45104790449909,10.399906355474757,5.482381,30.611
63.45105161888163,10.399935225110646,5.488623,30.614
63.45105538123422,10.39996405675045,5.487566,30.615
63.45105924338069,10.39999335337722,5.494736,30.615999
63.4510628801757,10.400022864576064,5.486107,30.614
63.45106661840852,10.400052054418577,5.487248,30.613001
63.45107018008637,10.400080732665051,5.477007,30.610001
63.45107371600053,10.400109426844477,5.473397,30.605
63.4510772305258,10.400138253508668,5.488132,30.608
63.45108085910122,10.400167238487551,5.493969,30.604
63.451084432295474,10.400196565680911,5.510176,30.591
63.45108807566616,10.400225722421233,5.511298,30.579
63.451091569907454,10.400254924479997,5.522168,30.566999
63.45109522863933,10.400283596692963,5.521215,30.563
63.45109883527788,10.400312146208496,5.518589,30.562
63.45110255487065,10.400340995088872,5.51845,30.558001
63.45110645320128,10.40037031392013,5.511977,30.554001
63.451110085612505,10.400399244975858,5.50747,30.554001
63.451113987230976,10.400428091514517,5.501678,30.546
63.45111765253852,10.400456854559232,5.511326,30.546
63.45112147410808,10.400485748928716,5.511012,30.537001
63.45112532693004,10.400514789294991,5.507888,30.531
63.45112907119055,10.400543668930474,5.514008,30.534
63.45113276555861,10.400572232041156,5.502224,30.539
63.45113643251008,10.400601074853974,5.496157,30.546
63.45113996238755,10.40062991513514,5.486311,30.563999
63.451143506530286,10.400659195824597,5.481975,30.582001
63.45114717074189,10.40068910955648,5.482326,30.584999
63.45115079711644,10.400718646695276,5.487705,30.584999
63.45115444323597,10.40074777044896,5.493522,30.584999
63.45115804987452,10.400776983728594,5.49914,30.589001
63.451161675162105,10.4008059394045,5.503279,30.598
63.451165490147005,10.400834896427844,5.510908,30.601
63.45116924811581,10.400864163788995,5.518533,30.594
63.451173000056926,10.400893210334456,5.517288,30.584999
63.45117678763422,10.400922395543612,5.511109,30.580999
63.451180583431096,10.400951507144388,5.503862,30.587
63.45118441048038,10.400980682560665,5.497519,30.583
63.45118806811631,10.40100963096936,5.529591,30.580999
63.45119165063509,10.401037813862027,5.474239,30.566999
63.451195653682376,10.40106560567882,5.275627,30.545
63.45120001915512,10.401093862601316,4.98027,30.493999
63.45120472511644,10.401122472973356,4.625208,30.458
63.45120955882723,10.40115115826581,4.231977,30.422001
63.45122391301313,10.40119444622709,3.830786,30.385
63.45123039871744,10.401228799771202,3.426719,30.273001
63.45123429266428,10.401274939463386,3.031816,30.087
63.451236224833465,10.401311123416727,2.642656,29.955999
63.4512373192155,10.401340536726073,2.241085,29.764999
63.45124212222186,10.401379884624788,1.866138,28.455
63.451245792461165,10.401416985837322,1.482813,27.655001
63.45124961897146,10.401447075295795,1.192032,27.222
63.45125657948949,10.40148221918146,0.951396,26.792999
63.45126084078456,10.40151350244895,0.764973,26.573
63.45126500010284,10.40154361172535,0.652132,26.267
63.451269185732784,10.401573782364531,0.559763,25.986
63.45127529312043,10.40160350869622,0.505893,25.753
63.45128095803372,10.401633050828144,0.433587,25.419001
63.45128503785106,10.40166221798838,0.371745,24.552
63.451290152833465,10.401692678651983,0.325668,23.858999
63.45129532483197,10.401723422724093,0.308538,23.530001
63.451301703618746,10.401755376967174,0.287262,23.339001
63.45130464628525,10.401782234898905,0.292216,23.249001
63.451309585817626,10.401805663996528,0.263215,23.297001
63.45131594376348,10.40182766965943,0.30533,23.334999
63.45132090742461,10.401849959185547,0.446591,23.674
63.45132528002099,10.401872632345537,0.607765,24.73
63.45132881429124,10.40189554552369,0.806772,25.587999
63.45133157162624,10.401917445030042,1.040692,26.023001
63.45133440682723,10.401940871822864,1.260351,26.423
63.45133832434588,10.401967249450571,1.42124,26.715
63.451342604289984,10.401995050270209,1.413549,26.799
63.45134671864757,10.402022295286972,1.27584,26.752001
63.45135316541887,10.402070573578094,1.003796,26.603001
63.45135742945381,10.402099341054502,0.740045,26.417999
63.45136182124719,10.402129201623357,0.578278,25.990999
63.45136600084944,10.402159794434356,0.492417,25.700001
63.451370850460414,10.402189654023877,0.442785,25.198999
63.4513755103651,10.402219157797427,0.436316,24.896
63.451379324802026,10.402249188584255,0.415778,24.089001
63.451382497203774,10.402279324545525,0.38752,23.593
63.4513862940966,10.402311930214877,0.349599,23.337999
63.45139106146678,10.402342100187152,0.300443,23.111
63.45139440930957,10.402371767651111,0.287876,23.021
63.45139853518357,10.4024006909413,0.283818,22.988001
63.45140222296697,10.402429380916088,0.296301,22.965
63.45140637570957,10.402458533621443,0.310275,23.004
63.45141017369835,10.40248782477841,0.320263,22.971001
63.45141253408562,10.402517624221124,0.343294,22.958
63.45141551951195,10.402546108970908,0.35807,22.979
63.45141834045668,10.402574226857524,0.375194,23.076
63.45142143389648,10.402603137345452,0.371953,23.077
63.4514253908961,10.402631744110774,0.398252,23.117001
63.45142909952043,10.402661333341213,0.416651,23.146
63.45143272479904,10.402691521166856,0.441652,23.216
63.45143627496946,10.402720774216158,0.466464,23.392
63.45144001758606,10.402750123049914,0.490974,23.921
63.45144358968437,10.40277996002855,0.49241,24.381001
63.45144747814251,10.402809864663984,0.506692,24.556
63.45145090987901,10.402839672134116,0.503494,24.763
63.45145400277982,10.402869762788551,0.507384,24.789
63.45145666032991,10.40289957966133,0.495747,24.66
63.451459750481874,10.402929409025692,0.505333,24.645
63.4514623427873,10.40296243006166,0.503867,24.528
63.4514658896699,10.402992037670954,0.511377,24.312
63.451468179871775,10.403019700236122,0.509005,24.229
63.4514725985248,10.40304747933038,0.511644,24.146
63.451477291873765,10.40307612588328,0.514282,24.247
63.45148198686665,10.403104773672531,0.506301,23.973
63.45148659742686,10.403132885333878,0.513005,23.909
63.451490935483,10.40316092939634,0.52201,24.004
63.45149481846141,10.40318800041405,0.528855,24.562
63.45149838671494,10.403218299970089,0.52562,24.808001
63.45150169399879,10.403248185975007,0.514822,24.819
63.451504374024736,10.403278391812671,0.515685,24.848
63.4515056065767,10.40331266950646,0.502151,24.705999
63.4515081934024,10.403342475398745,0.499051,24.768
63.45151118267352,10.403372432391391,0.498046,24.495001
63.45151466485044,10.403402670616618,0.497995,24.459
63.451518667358734,10.403429796950316,0.497347,24.5
63.45152343911269,10.403458549155475,0.504425,24.631001
63.45152758472268,10.40348705811055,0.50005,24.545
63.45153194196684,10.403515267870372,0.510187,24.615
63.45153883778818,10.403546154620988,0.497371,24.756001
63.45154239947502,10.403575168678088,0.49128,24.882
63.45154553129086,10.403603025673045,0.508318,24.833
63.45154854139392,10.403631010187771,0.52118,24.759001
63.451550869980814,10.403657584788784,0.52026,24.856001
63.451554189320056,10.403686826886998,0.515916,24.926001
63.451557010803775,10.403716080975402,0.502858,24.570999
63.451560017071024,10.40374639873774,0.496254,24.367001
63.451563389042576,10.403773935741455,0.496804,24.296
63.45156674676685,10.403803277256474,0.487607,24.364
63.4515691175656,10.40383539056808,0.488818,24.403
63.45157251859766,10.403863764233346,0.485495,24.106001
63.45157622996185,10.40389183385956,0.487128,24.393999
63.45157996325393,10.403919961169214,0.489422,24.493999
63.4515837864674,10.403948422217844,0.495775,24.496
63.45158768041426,10.403977089388071,0.489521,24.768
63.45159157600502,10.404005316186108,0.497899,24.830999
63.45159517442399,10.40403362746677,0.486534,24.771999
63.45159892580814,10.404061487392154,0.488615,24.552999
63.45160249187876,10.40408926870667,0.491822,24.577999
63.45160605629648,10.404118244850808,0.483061,24.374001
63.4516105199102,10.404147000748184,0.49725,24.17
63.45161373343684,10.404175510545,0.487176,24.209
63.45161717284495,10.404203686829156,0.505019,24.347
63.45162024709673,10.404232151170666,0.505924,24.587999
63.45162363387252,10.404261153007733,0.508509,24.697001
63.45162734688063,10.404290504668747,0.498738,24.757
63.45163083071045,10.404319154511716,0.490385,24.635
63.45163411385655,10.404347441115164,0.487888,24.299
63.45163708832342,10.404375709143668,0.500798,24.384001
63.451640367085744,10.404404471753631,0.500877,24.226
63.45164358773602,10.404433072379057,0.504207,24.007
63.45164718176223,10.40446265954504,0.495379,23.742001
63.45165029549498,10.404489458070696,0.476711,23.664
63.45165391529385,10.4045162593701,0.492215,23.836
63.451657803752,10.404544112145476,0.647054,24.507999
63.45166193400976,10.404568332746752,0.819959,25.146
63.451666829129415,10.404593859082857,1.061623,25.921
63.4516720460976,10.404618388292937,1.305001,26.403
63.451677233996286,10.404643291630718,1.567101,26.802
63.45168180836335,10.404668685300804,1.857496,27.099001
63.45168549779966,10.404694635355895,2.157347,27.424999
63.451688277619496,10.404720036470655,2.466443,28.540001
63.45169039949498,10.404745432290415,2.764105,29.127001
63.4516925772996,10.40477077048619,3.039422,29.521999
63.451695127393165,10.404796290493476,3.285871,29.709999
63.4516981303636,10.4048222241829,3.543237,29.834
63.451701502883125,10.404847720161976,3.819577,29.975
63.45170495326865,10.4048726470214,4.113263,30.051001
63.45170865640427,10.404897696710377,4.414233,30.087999
63.45171239737695,10.404923405165228,4.719457,30.184
63.4517156267948,10.404949205331762,4.984362,30.297001
63.45171875971556,10.404975765997817,5.163595,30.341
63.45172230549323,10.405002961149425,5.257129,30.422001
63.45172623452829,10.405030621497572,5.301091,30.48
63.45172995631295,10.405058859498013,5.315645,30.502001
63.45173383544657,10.405086993334958,5.351068,30.514999
63.45173773652604,10.405115177500806,5.384276,30.527
63.45174223906378,10.40514235736754,5.427416,30.532
63.45174614836285,10.405170153890136,5.473547,30.535999
63.45175042446216,10.405198283111226,5.503661,30.528999
63.45175596821064,10.405225256360271,5.549721,30.525999
63.45175992300939,10.405252953589,5.477565,30.489
63.45176390468575,10.405279778617563,5.272481,30.406
63.45176802067826,10.4053072907365,4.981253,30.301001
63.45177204182661,10.405335609967327,4.632949,30.187
63.451775934129536,10.405364341327248,4.246216,30.114
63.4517797359631,10.405393359666098,3.851238,30.018
63.45178341168213,10.4054224159769,3.445231,29.924
63.451786873575074,10.405451630392268,3.031114,29.791
63.45179012328587,10.405481218833724,2.606708,29.405001
63.45179344810484,10.40551062332717,2.181746,28.296
63.45179715398032,10.4055396870229,1.776495,27.799999
63.451801563865786,10.405569054220676,1.386065,27.462
63.45180605380016,10.40559898209566,1.043534,26.993999
63.45181012319704,10.405629238456925,0.79641,26.354
63.45181388664557,10.40565993746006,0.669651,25.757999
63.45181726958556,10.405689770161535,0.59931,25.224001
63.45182025117607,10.405719103328725,0.529106,24.938
63.4518235803878,10.405748188915902,0.463743,24.648001
63.45182707188924,10.405778000868011,0.387563,24.200001
63.45183066920328,10.405808377171848,0.336996,23.629
63.45183412616447,10.405837974420187,0.300684,23.042999
63.45183746962349,10.40586645159393,0.288878,22.813999
63.45184137673066,10.405895505727605,0.287863,22.698
63.45184544612754,10.405924663004958,0.296376,22.657
63.45184928578917,10.405952930763474,0.30355,22.665001
63.45185282334725,10.40598102535519,0.313751,22.722
63.4518565160714,10.406009755522929,0.329483,22.742001
63.45186036505755,10.406038109172238,0.335929,22.834
63.45186373757707,10.406066613407882,0.349092,23.052999
63.45186684856098,10.406089058623282,0.371717,23.506001
63.45187039544357,10.406118138338838,0.37782,23.73
63.45187314127115,10.406141007763363,0.404999,23.921
63.45187684605069,10.406170164859317,0.44234,24.106001
63.45188039567314,10.406199476436935,0.476112,24.292
63.45188409771282,10.406229394146036,0.483949,24.348
63.45188788967389,10.40625896718928,0.481664,24.407
63.45189152538194,10.406288737644418,0.476876,24.444
63.45189533159928,10.406318997691312,0.487089,24.441999
63.45189937138768,10.406348442135208,0.49449,24.41
63.4519032856185,10.406377940466276,0.495171,24.377001
63.4519069596936,10.406407820176057,0.495639,24.466
63.45191089860116,10.40643787425322,0.492858,24.493
63.45191458419267,10.406467614118698,0.499096,24.473
63.45191833558581,10.406496963938782,0.503193,24.482
63.45192228819267,10.40652668561456,0.511409,24.587
63.45192594528063,10.406556104082602,0.508233,24.622999
63.451929830450936,10.406585153460702,0.499097,24.653
63.45193376660964,10.406614805225164,0.504585,24.657
63.45193788589897,10.406644648487037,0.49851,24.606001
63.45194164990446,10.406674031485972,0.499133,24.573999
63.45194493962623,10.406703116073956,0.499332,24.615
63.45194894816223,10.40673279366773,0.508282,24.608
63.45195254219741,10.406762624333012,0.498687,24.556999
63.451956272201656,10.406792139830408,0.490188,24.504999
63.45196003510221,10.406821183054992,0.461563,24.565001
63.45196404418618,10.40684881939815,0.542175,24.756001
63.45196855879728,10.406875738455293,0.710943,25.122999
63.45197358933802,10.4069027719874,0.946367,25.864
63.4519789411883,10.406929182570234,1.203356,26.341999
63.45198400407739,10.40695511084561,1.480458,26.843
63.45198871716235,10.40698199205214,1.776353,27.165001
63.451992519543886,10.407009062775533,2.091645,27.377001
63.45199529937271,10.407035990457452,2.41778,27.792
63.45199741904732,10.407062207398404,2.754592,28.597
63.45199921195062,10.407087938339306,3.08855,29.052
63.45200144074364,10.407113573884034,3.385344,29.323
63.45200450239204,10.40713940633504,3.665458,29.524
63.452008032269525,10.407165219470428,3.938663,29.639999
63.45201189989572,10.407191146956132,4.218945,29.761
63.45201593968413,10.407216756848763,4.526762,29.875
63.4520199465762,10.407243527216872,4.816932,29.952
63.45202390302785,10.407270722025428,5.05877,30.030001
63.452027960360354,10.407298189234703,5.214583,30.149
63.4520332507928,10.407325534658574,5.288928,30.249001
63.45203825721376,10.40735368710073,5.318379,30.278
63.45204640587102,10.407380075312274,5.339565,30.292
63.45205036232267,10.407409210858946,5.37669,30.302
63.4520540281782,10.407438554749328,5.448265,30.302999
63.45205753338793,10.407467582032178,5.49186,30.311001
63.45206220260814,10.407496332904794,5.504804,30.344
63.452066167288365,10.407525429236346,5.502931,30.357
63.45206997405368,10.407552125946092,5.496166,30.368999
63.4520728596951,10.407583692169316,5.54247,30.396999
63.45207730082399,10.40761124806584,5.458142,30.351
63.452081973341016,10.40763892437263,5.240434,30.322001
63.45208674180714,10.407667398145476,4.934086,30.166
63.452091502044695,10.407696063304211,4.576817,30.048
63.45209578911245,10.407725307135507,4.12636,29.973
63.45210038815624,10.407753388238234,3.814879,29.867001
63.45210515936223,10.40778054206966,3.764903,29.773001
63.45211005776972,10.407807102259902,3.867904,29.768
63.45211472315412,10.407833453759723,4.068268,29.827999
63.452118960329415,10.407859606191863,4.325402,29.893999
63.4521217587893,10.407867118396789,4.611043,29.940001
63.45212544438082,10.40789431316712,4.916943,30.018
63.45212853344582,10.407922550257505,5.179903,30.200001
63.45213145253153,10.407951358863285,5.305301,30.259001
63.45213407992517,10.40798127378828,5.334382,30.282
63.4521366585223,10.408012560198488,5.329536,30.309
63.45213957926092,10.408043893479666,5.341095,30.351
63.45214468382287,10.408074293616837,5.385293,30.434
63.45214751847589,10.408105859936857,5.442662,30.507999
63.45215064426404,10.408135858677865,5.498074,30.539
63.452153750316185,10.408165967834604,5.517135,30.562
63.4521572111132,10.408196801050824,5.524761,30.566
63.452160710295225,10.40822728098267,5.512834,30.569
63.452164428235086,10.408257621238072,5.5031,30.561001
63.45216862921725,10.408287731250232,5.498528,30.555
63.45217293822186,10.408317792291262,5.510647,30.555
63.45217707889111,10.408347352687423,5.524288,30.556999
63.45218087030421,10.40837749429224,5.541189,30.561001
63.45218454712816,10.408407746242071,5.548873,30.559999
63.452188287004894,10.4084377578028,5.546382,30.577999
63.452192026333655,10.408467889603454,5.537859,30.593
63.45219556991943,10.40849803842716,5.52965,30.59
63.45220190264956,10.408535019913106,5.516846,30.593
63.45220532122573,10.40856498710503,5.511735,30.594
63.45221036328287,10.408595056144604,5.506121,30.594
63.452213456731656,10.408625562863264,5.512121,30.597
63.45221656004395,10.408655618151013,5.528631,30.596001
63.45221982564595,10.40868554600144,5.531399,30.591
63.452221479831344,10.40869589122006,5.529744,30.57
63.45222469608886,10.40872605701516,5.523597,30.549
63.45222825887165,10.408756210844327,5.524549,30.523001
63.452231921439335,10.408786264142204,5.513255,30.499001
63.45223594093478,10.408816060114296,5.510729,30.407
63.45223998895175,10.408845951788498,5.509617,30.348
63.45224615280752,10.408874316598752,5.498019,30.327
63.45225006813428,10.40890402418154,5.48582,30.313
63.45225362378444,10.408934266369435,5.489422,30.304001
63.45225703797682,10.408964785681356,5.4918,30.301001
63.45226053221812,10.40899493214443,5.493937,30.325001
63.452263893230224,10.409025645265078,5.495111,30.355
63.45226768628724,10.409055691380711,5.484328,30.363001
63.45227101439404,10.409086878025237,5.477296,30.434
63.45227413745131,10.40911681322618,5.463626,30.469
63.45227737125293,10.409147639132236,5.452877,30.483999
63.452280976247565,10.409177582082032,5.442115,30.513
63.45228708253927,10.409215974427052,5.447464,30.539
63.45229069959829,10.409245770199206,5.447207,30.569
63.45229420370309,10.40927529354654,5.44507,30.584999
63.452297636535526,10.40930502048899,5.454788,30.608999
63.45230082702935,10.409334614753089,5.466704,30.662001
63.452303975302335,10.409363880208772,5.473413,30.684
63.45230697936872,10.409393354124964,5.483136,30.715
63.452310445106455,10.409421994220343,5.486522,30.729
63.452315249208766,10.4094502354562,5.495809,30.731001
63.452321265570085,10.409478725470647,5.490844,30.721001
63.45232484206117,10.409507480987866,5.493204,30.715
63.45233024598681,10.409536051513667,5.498403,30.709
63.45233697787452,10.40956375947303,5.505406,30.716
63.45233973082573,10.409592968255687,5.524096,30.726
63.452342018287744,10.409622748330476,5.540175,30.726
63.452344027218,10.409652753919785,5.546139,30.726999
63.45234627300714,10.409682340154127,5.532825,30.736
63.45234860213303,10.409712373003236,5.520719,30.733
63.45235123391943,10.409741716639957,5.524041,30.733
63.452354180969714,10.409770751411632,5.544709,30.726999
63.45235759132629,10.409799153560938,5.513641,30.693001
63.452361434823736,10.409827170867226,5.35536,30.587999
63.452366292663285,10.409855404908656,5.09838,30.431999
63.45237137200053,10.409883487028916,4.768088,30.290001
63.45237652042723,10.409912393583031,4.407605,30.080999
63.4523815833253,10.409941238755348,4.031246,29.964001
63.452386010754864,10.409970549560398,3.631674,29.830999
63.45238971773528,10.4099998745396,3.217116,29.580999
63.45239299046092,10.41002926785063,2.794778,29.384001
63.452396547216,10.410058288480275,2.36998,28.672001
63.4524006670533,10.410086993056094,1.980141,28.034
63.45240512463933,10.410115712649777,1.582009,27.677
63.45240969187377,10.410144878886332,1.214168,27.256001
63.45241410889186,10.410174852212846,0.917505,26.318001
63.452417625609016,10.410205160926742,0.714925,25.039
63.45242045312941,10.410233503819857,0.626625,24.464001
63.452423433076014,10.410261429765608,0.551415,24.099001
63.4524262468971,10.410289240230597,0.503971,23.896999
63.45242930744058,10.41031722512504,0.41584,23.664
63.45243296946029,10.410344479374194,0.361699,22.929001
63.45243670494426,10.4103715226896,0.334765,22.297001
63.45244039164071,10.410397518319757,0.305983,21.848
63.45244389630246,10.410423180118093,0.294677,21.525999
63.45244773541612,10.41044882748816,0.306966,21.399
63.45245153724969,10.410474801165169,0.313177,21.316999
63.4524550079102,10.410499982060404,0.318041,21.261
63.45245845609485,10.410525766523008,0.33522,21.222
63.4524619826845,10.410551455364828,0.356047,21.181
63.452465135341264,10.410578589035682,0.383168,21.326
63.45246852979766,10.410604920593364,0.384296,21.298
63.45247205803122,10.410631085445647,0.407715,21.371
63.45247532802598,10.410657311410588,0.416105,21.475
63.45247838034987,10.410684263464992,0.430096,21.695999
63.45248176163696,10.410712165290285,0.434872,21.959
63.45248462096672,10.41073974284371,0.437108,22.327
63.45248739749872,10.410767472423943,0.460733,22.937
63.4524901998034,10.410795835057389,0.480471,23.469
63.45249342867327,10.410825024879864,0.482468,23.656
63.45249697445094,10.410854038344594,0.489212,23.735001
63.45250046978818,10.41088235985665,0.49573,23.813
63.45250437250259,10.410910556602976,0.490594,23.865
63.45250840516734,10.410939300609575,0.494082,23.893999
63.4525120858271,10.410968103195982,0.504904,23.902
63.45251604721051,10.41099745807526,0.515925,23.941999
63.452520004210136,10.411025939504622,0.529147,23.955
63.45252372160203,10.411053846621726,0.511009,23.91
63.45252761938468,10.411082104753138,0.50377,23.806
63.45253159995611,10.411111383624824,0.503904,23.562
63.45253541275811,10.411140009717109,0.508155,23.246
63.452539077517685,10.411167759783204,0.525064,22.658001
63.45254299339242,10.411195571414792,0.532747,22.17
63.452547045236216,10.411223989184611,0.52305,21.851
63.45255089257845,10.411251906273948,0.508182,21.657
63.45255483806167,10.41127903097996,0.512463,21.544001
63.452558281314566,10.411306010485532,0.517716,21.513
63.45256220815774,10.41133399881696,0.514504,21.507
63.452565747907705,10.411362678700405,0.49143,21.48
63.45256927833316,10.411390840904998,0.491038,21.516001
63.452572404121305,10.411418136686928,0.495633,21.608
63.45257592303933,10.411445989747348,0.481171,22.271999
63.452578323446566,10.411470119832664,0.498401,22.636
63.45258040804195,10.411489183111817,0.491562,22.958
63.45258125678856,10.411505227487858,0.409968,22.729
63.45258200575025,10.411519345760698,0.280538,22.174999
63.4525823544674,10.411531500846898,0.143913,21.674999
63.4525824641248,10.411543322056648,0.091671,21.216
63.453192414931706,10.410992550195784,0.108011,20.955999
63.453198661567264,10.410978459545156,0.11334,20.809999
63.45319967471461,10.410991067919966,0.099083,20.681
63.45320053708866,10.41100696047504,0.118778,20.52
63.45320136073632,10.411023491238476,0.125227,20.452
63.45320138778461,10.411041611731372,0.109954,20.417999
63.45320077724437,10.411060579809336,0.124256,20.327
63.453198907166765,10.411079739372903,0.11582,20.245001
63.45319559699035,10.411098701910706,0.131837,20.231001
63.45319123724887,10.4111189242314,0.12329,20.223
63.45318398297263,10.4111360965957,0.119287,20.132999
63.453174961269326,10.411151101787508,0.120628,20.207001
63.45316480946696,10.41116292650216,0.120244,20.334999
63.45315352244512,10.411173700246906,0.111117,20.433001
63.45314056947893,10.411183041163756,0.120009,20.474001
63.453127323230646,10.411192670902826,0.101465,20.454
63.45311357693495,10.411200893148171,0.099944,20.414
63.45309926780856,10.41120639318056,0.103201,20.413
63.4530849617634,10.411214561358836,0.092611,20.547001
63.45307044334743,10.411223890041626,0.098371,20.593
63.45305535654917,10.41123191337832,0.109965,20.570999
63.45304036107369,10.411238346061811,0.09869,20.603001
63.45302606722765,10.411243765602714,0.087227,20.665001
63.45301189496864,10.411249359081443,0.094733,20.708
63.45299736571898,10.41125726294152,0.113695,20.724001
63.45298286269116,10.411265669605482,0.10633,20.759001
63.45296903668792,10.411271941530089,0.11534,20.822001
63.452954838260965,10.411277204264923,0.088403,20.871
63.45293988637176,10.411284356125549,0.125678,20.812
63.45292448971748,10.411290420487234,0.116686,20.802999
63.452910197102135,10.411294837635673,0.109318,20.816
63.45289578494793,10.41129981664099,0.10008,20.837
63.452881184821166,10.411303739107368,0.096783,20.827999
63.45286680733295,10.41130835850301,0.107327,20.844999
63.45285277436677,10.411313601786734,0.106992,20.805
63.45283825472909,10.411315750098348,0.109616,20.794001
63.452822996379496,10.411318000484629,0.120848,20.794001
63.45280825184849,10.411320755150294,0.117308,20.794001
63.45279538547095,10.411322944175607,0.101367,20.622
63.45278210935366,10.411324998065473,0.111681,20.712
63.45276722726359,10.411326113189642,0.130643,20.737
63.45275316849777,10.411327790443432,0.143219,20.74
63.45274028440544,10.41133431183349,0.125878,20.777
63.45272689088729,10.411335964528227,0.087751,20.85
63.45271227989989,10.411336618265818,0.132735,20.875999
63.4526977627236,10.411338255970126,0.129592,20.885
63.45268405815467,10.41133552302955,0.119539,20.825001
63.452670774464586,10.411330744401482,0.097628,20.789
63.452656353183485,10.411326117977046,0.123451,20.306
63.452642431177246,10.411318914764347,0.128264,19.987
63.45262953820957,10.411310359305755,0.117171,20.025
63.45261759097063,10.41130327722765,0.104075,20.323
63.45260489165285,10.411294875826911,0.129317,20.521999
63.45259291128405,10.41128373232985,0.132137,20.636999
63.45258173497064,10.41127080153804,0.130122,20.716999
63.45257061225972,10.41125840371022,0.105606,20.797001
63.452559960796215,10.411241355419406,0.134823,20.815001
63.45255018522641,10.411221330944784,0.130538,20.843
63.45254293582803,10.411199136964644,0.115498,20.868999
63.45253570575242,10.411174421298922,0.12217,20.912001
63.45253065053495,10.411146058622458,0.138638,20.912001
63.45252734441892,10.411116495875854,0.122562,20.898001
63.45252418401867,10.411086641717104,0.109031,20.875999
63.452522812542185,10.41105367242199,0.121803,20.844999
63.45252133908891,10.41102113146565,0.118188,20.823999
63.45251991299484,10.410988716937116,0.107784,20.802999
63.45251814866696,10.410953734508563,0.122038,20.809
63.452517251734704,10.41092052706931,0.108869,20.819
63.45251398297962,10.410889181496614,0.109071,20.834
63.45251117944424,10.410856286898184,0.125624,20.819
63.45250660178037,10.4108265264557,0.124927,20.787001
63.45250411118224,10.410796093085215,0.119075,20.763
63.452499491576,10.410766527904274,0.114753,20.761
63.45249523501505,10.410735626370055,0.134939,20.735001
63.452491461550295,10.410704694731526,0.1218,20.768999
63.45248743335017,10.410675114055271,0.110876,20.867001
63.45248315608305,10.410644698990003,0.113728,20.886999
63.452479066878304,10.410613295269403,0.126044,20.886999
63.452475583326965,10.410581516155522,0.107673,20.846001
63.452471077151046,10.410550766970418,0.119761,20.823
63.45246752088105,10.410519414159008,0.118714,20.764
63.45246229474107,10.410489084536318,0.108812,20.881001
63.45245774566159,10.410458626578537,0.134322,20.888
63.452452189300764,10.410431582524506,0.107784,20.969
63.45244772438448,10.410401032550524,0.1307,21.004999
63.452443363232646,10.410371567720818,0.121203,21.007999
63.45243844549341,10.410342634758152,0.105318,21.014999
63.45243497791412,10.410312538448546,0.125366,21.112
63.45243078905922,10.41028396281036,0.102849,21.174
63.452424949513365,10.41025522054013,0.120318,21.24
63.45242179555404,10.410225410560152,0.128374,21.311001
63.45241793731524,10.410197088329404,0.113077,21.374001
63.45241389705073,10.410168187797142,0.100457,21.41
63.45241054742029,10.410138974187369,0.121372,21.424
63.452406321482925,10.41011037721456,0.115874,21.466999
63.45240270895142,10.41008149598792,0.109307,21.478001
63.45239892665622,10.410052517272945,0.115335,21.500999
63.45239586974194,10.410023969126096,0.12586,21.481001
63.45239357151811,10.409995897088676,0.104697,21.503
63.45238961287456,10.40996780985976,0.108109,21.500999
63.45238667911936,10.409938769397217,0.122208,21.493
63.45238357506146,10.409911419830918,0.108969,21.507999
63.452380227892405,10.409882441663528,0.104416,21.539
63.45237699401892,10.409854129323865,0.122071,21.5
63.452373421579246,10.409826658938687,0.11442,21.48
63.4523706987755,10.409802290912744,0.080685,21.468
63.45236722098236,10.40978232667172,0.098039,21.438999
63.45236565754481,10.409765889978752,0.120256,21.422001
63.45236401856789,10.409751083876063,0.073433,21.396999
63.45236196776714,10.409738903427638,0.105461,21.386999
63.4523613218153,10.409727717445817,0.078678,21.388
63.45236032859259,10.409716428029537,0.089119,21.378
63.452360083163775,10.409705081941038,0.078611,21.370001
63.45235875966633,10.409692618468398,0.106366,21.344
63.4523567638964,10.409679535350373,0.087516,21.351
63.45235490060108,10.40966504715595,0.100426,21.337
63.452351498544935,10.40965031720232,0.104752,21.323999
63.45234830298461,10.409634776502724,0.095605,21.315001
63.4523440196808,10.409618988840071,0.115005,21.295
63.4523375171241,10.409604364548017,0.137154,21.284
63.45233101586096,10.409588868803812,0.156432,21.311001
63.45232233556253,10.409578106762847,0.248933,21.683001
63.45231163523963,10.409568657603543,0.423622,22.316
63.45230046543901,10.409571390131411,0.654493,23.341
63.4522892982435,10.409582735550146,0.95323,25.247
63.45227937600569,10.409601845144802,1.300599,26.323
63.45227135666995,10.409624835329833,1.625421,27.035999
63.452265274992094,10.409650836617924,1.959417,27.386999
63.45226044607831,10.409679839094728,2.294184,27.625
63.45225753048704,10.409710541658434,2.638511,28.200001
63.45225658139858,10.4097425293264,2.963646,29.000999
63.45225866811399,10.4097738349413,3.270494,29.368999
63.45226380427868,10.409803809391924,3.588243,29.577
63.45227121364013,10.40983126731362,3.902859,29.735001
63.45228102169303,10.40985495152679,4.231824,29.827
63.45229254136964,10.409873828422937,4.59835,29.938999
63.45230583153657,10.409888158522254,4.896149,30.128
63.45232130725161,10.409900214535382,5.057813,30.424999
63.45233783896365,10.409911459119124,5.178981,30.548
63.45235390930077,10.40992414568706,5.28416,30.674
63.45236853482291,10.409939277788547,5.377357,30.716999
63.45238150198249,10.4099583869702,5.422179,30.743
63.45239276786696,10.409981421078212,5.43569,30.749001
63.45240196403214,10.410008483335114,5.470512,30.752001
63.45240895319746,10.410038585345228,5.54662,30.757
63.45241372817637,10.410071019592008,5.586454,30.750999
63.45241630012597,10.41010568923078,5.579387,30.757999
63.45241869888929,10.410141200655785,5.534244,30.76
63.45242113966683,10.410177350617294,5.510052,30.76
63.45242469524512,10.41021372100288,5.526934,30.77
63.45242811060532,10.410250230547977,5.543756,30.782
63.45243175096664,10.410286643177844,5.557702,30.788
63.4524359589377,10.410323124985258,5.544401,30.792
63.45244051555404,10.410359178782796,5.515968,30.797001
63.45244548428168,10.410395003411889,5.498293,30.802
63.45245074456664,10.410430272103047,5.492939,30.797001
63.45245615185198,10.41046516350168,5.503595,30.799
63.45246073890326,10.410500116813076,5.511225,30.797001
63.45246526049428,10.410534690160594,5.519983,30.804001
63.45246935826895,10.41056946270875,5.51596,30.795
63.452473365709,10.410603996690044,5.50882,30.801001
63.45247728754856,10.410638836210715,5.492896,30.791
63.452481236660965,10.41067365091806,5.492273,30.791
63.452485481094655,10.410707311512882,5.496749,30.784
63.45248971724587,10.410741392071618,5.504939,30.791
63.45249388889802,10.41077567244766,5.506461,30.795
63.452498563400326,10.410809834727267,5.507586,30.785999
63.45250326935267,10.410843898350578,5.492264,30.790001
63.45250801102204,10.410877276981754,5.481342,30.792
63.452512779416296,10.410910350778249,5.471418,30.797001
63.45251736838099,10.410943195152818,5.468359,30.802999
63.45252312623401,10.410975198241802,5.464972,30.798
63.45252804328155,10.411007647848727,5.474364,30.806
63.45253386679247,10.41103919738211,5.485346,30.805
63.45253695235404,10.411071785229778,5.503707,30.808001
63.45253999741056,10.41110416821223,5.512387,30.805
63.452542355327466,10.411137025400675,5.517673,30.811001
63.45254478663676,10.411170371490249,5.513382,30.815001
63.45254751108442,10.41120321916531,5.491865,30.822001
63.452550736944936,10.411235271079486,5.49438,30.820999
63.45255414908018,10.411267640270166,5.49294,30.826
63.45255819592035,10.41129902306188,5.4962,30.834999
63.45256236771623,10.411330555543495,5.489954,30.837999
63.45256854088754,10.411360082490711,5.48707,30.841
63.45257386840245,10.411390572376956,5.482385,30.844999
63.45257786419135,10.41142174201343,5.487422,30.844999
63.45258213426296,10.411452470543235,5.503109,30.848
63.452585819647865,10.41148351605857,5.509627,30.851999
63.45258979720994,10.41151488791992,5.502927,30.851
63.45259327328729,10.41154622951065,5.497122,30.865
63.45259629339758,10.411578107731671,5.488737,30.865
63.45259938183376,10.411609171234424,5.49331,30.865
63.452602513802326,10.411640529702616,5.497825,30.867001
63.45260598439097,10.411671085016192,5.502287,30.868999
63.45260967794157,10.411701659798888,5.502636,30.872999
63.4526134817604,10.411732105393751,5.508494,30.874001
63.45261742333595,10.41176226723786,5.499249,30.875
63.45262175412472,10.411792533778598,5.497706,30.872
63.45262914238473,10.41182127829337,5.485473,30.871
63.45263341039921,10.41185122266084,5.491697,30.864
63.45263685093919,10.41188154124145,5.501351,30.862
63.45263997060083,10.41191145230445,5.515503,30.863001
63.452642911066455,10.411941442197715,5.511716,30.864
63.45264586956128,10.41197186714854,5.513585,30.860001
63.45264883209852,10.412002067133573,5.49746,30.862
63.45265216432859,10.4120320090624,5.492852,30.854
63.45265539545323,10.412062188830287,5.498012,30.860001
63.45265891995878,10.4120917796041,5.502907,30.868
63.452662771379366,10.412121067319603,5.507577,30.860001
63.452666611041,10.412150671627856,5.514214,30.865
63.45267040923638,10.412180546982508,5.504128,30.863001
63.45267433114781,10.412209983319476,5.501248,30.858
63.45267846845735,10.41223945026518,5.493375,30.847
63.45268247942778,10.41226877806567,5.491261,30.839001
63.45268650705298,10.412298315471626,5.47947,30.844
63.45269030583227,10.41232792312259,5.485526,30.848
63.45269390051424,10.412357058013678,5.496744,30.848
63.45269746281193,10.412386858421812,5.495949,30.848
63.45270101883938,10.41241618177768,5.494504,30.854
63.45270442196452,10.412445850923255,5.49715,30.857
63.45270789160095,10.412475483759705,5.490096,30.858
63.45271155180607,10.412504576502023,5.490924,30.857
63.45271507839571,10.41253325507604,5.514401,30.856001
63.452719836854605,10.412562114338147,5.517972,30.851999
63.45272345932148,10.412590655231783,5.375036,30.822001
63.45272742327406,10.412618789460357,5.118302,30.733999
63.45273199857537,10.412647883379224,4.796486,30.443001
63.45273704516003,10.412677529064522,4.440073,30.082001
63.45274208670513,10.412707193633342,4.053017,29.92
63.452746573827774,10.412737085282306,3.657809,29.768999
63.45275055600719,10.412767568053908,3.238336,29.490999
63.45275434646808,10.412797919874016,2.808986,29.056999
63.45275840876826,10.41282808555856,2.405452,28.361
63.45276273318797,10.412857842285204,2.003697,28.031
63.45276735963938,10.412887291438862,1.603851,27.813
63.45277268451324,10.412917663776826,1.221068,27.327
63.45277706239172,10.412948650843427,0.936294,26.826
63.45278106973296,10.41297846691926,0.762996,25.844
63.452785192687415,10.413007986303308,0.675587,24.615999
63.4527897474173,10.413037069146222,0.601376,24.084999
63.45279447116527,10.41306515909682,0.521718,23.813999
63.452798690248486,10.413092238136691,0.462226,23.487
63.45280300387045,10.413119168153964,0.395644,22.91
63.45280735954256,10.413145825834576,0.327692,22.343
63.45281189015267,10.413171192205182,0.302122,22.080999
63.452816330014926,10.4131965907762,0.296125,21.844
63.452820732120976,10.41322232304386,0.297903,21.747999
63.452824611056975,10.413247336540447,0.26225,21.715
63.45282821951013,10.4132716647099,0.327032,21.886999
63.452831525311744,10.41329585974214,0.493517,22.771999
63.45283523787968,10.413321098358963,0.698647,23.518999
63.45283929644288,10.4133474472269,0.937401,24.886
63.45284406823277,10.413373913181026,1.208472,25.836
63.45284914082366,10.413400934277538,1.47829,26.667999
63.452853908328585,10.41342886578514,1.773314,27.246
63.4528580557891,10.413457842463584,2.102791,27.49
63.45286129251025,10.41348699265041,2.433398,27.75
63.45286345410027,10.413515453616844,2.774359,28.242001
63.452865213936576,10.413543785874602,3.12707,28.775999
63.45286730195454,10.413571990151596,3.458396,29.158001
63.45286998829565,10.413600406838732,3.754464,29.438
63.45287349356826,10.41362825901102,4.046008,29.593
63.45287733919472,10.413656171620916,4.361312,29.695
63.45288142397974,10.413684093788,4.665498,29.885
63.45288527631661,10.413712714882143,4.938167,30.17
63.452888579926345,10.413741609807529,5.142041,30.434999
63.45289193833333,10.41377117273298,5.243514,30.547001
63.45289507108343,10.413800956456765,5.274964,30.583
63.45289819152659,10.413830828523336,5.295887,30.598
63.45290135672385,10.413860503705765,5.348222,30.614
63.45290464957176,10.41388982067345,5.405357,30.622
63.45290808311387,10.413919452963922,5.456444,30.634001
63.45291157603464,10.41394870219027,5.501967,30.641001
63.45291532017837,10.413976489428435,5.521613,30.643999
63.45291935374144,10.414005532022244,5.524728,30.646999
63.45292336488255,10.41403494817219,5.513468,30.648001
63.45292740076327,10.41406374970848,5.502815,30.642
63.452931259316486,10.414093091952203,5.501698,30.642
63.45293496696165,10.414122452578432,5.52494,30.646
63.45293864350713,10.414151501002184,5.548859,30.642
63.452942143371885,10.414180781885376,5.558822,30.641001
63.45294574948043,10.414210203545016,5.539429,30.636999
63.45294929006583,10.414239876710662,5.521157,30.631001
63.45295266643913,10.414269657819684,5.504126,30.620001
63.45295616794781,10.414299239904022,5.498377,30.611
63.452959507526096,10.414329266680053,5.504914,30.601999
63.45296308731399,10.414358359604174,5.520376,30.606001
63.4529667848531,10.414387510838363,5.537119,30.604
63.45297032018336,10.41441708835295,5.529098,30.597
63.452974032095526,10.414446327921452,5.524645,30.6
63.45297778642615,10.414475338387376,5.508685,30.594
63.45298139807731,10.414504627343469,5.504097,30.591
63.45298508659734,10.414533481421335,5.497827,30.591999
63.45298874376614,10.4145625872905,5.493843,30.591
63.4529922521649,10.414591537336207,5.494731,30.587
63.45299590837251,10.414620772661452,5.506666,30.579
63.45299973143327,10.414649233275862,5.515722,30.58
63.45300331875804,10.414677962237588,5.51886,30.569
63.453006930903264,10.414706667914276,5.521725,30.563999
63.4530105431473,10.41473580724757,5.505922,30.562
63.45301417504649,10.414764875739634,5.493792,30.559999
63.45301771600919,10.414794196959695,5.477887,30.552
63.45302123015716,10.414823194318094,5.467885,30.549999
63.45302456887307,10.41485238333003,5.503446,30.547001
63.453027998750045,10.41488033454529,5.490951,30.544001
63.45303194767381,10.414907892026111,5.333112,30.469999
63.45303645181056,10.414935410034971,5.066965,30.346001
63.45304144514306,10.414963663887953,4.727877,30.080999
63.45304657772347,10.41499248086188,4.363073,29.913
63.45305149692697,10.41502195384859,3.98,29.785999
63.453055956462336,10.415051895082046,3.574274,29.646
63.45305980033707,10.415082100949297,3.154979,29.42
63.45306332138411,10.415111927377,2.732186,28.997
63.45306713530002,10.415141949524733,2.332201,28.429001
63.45307125615242,10.415171313240192,1.939982,28.035
63.45307541471611,10.41520147715752,1.538126,27.84
63.45307981436078,10.415231879099435,1.155174,27.080999
63.45308410987269,10.41526238501077,0.882271,26.525
63.453088105976,10.415292321361918,0.719928,25.587999
63.453092100803694,10.41532141522307,0.643982,25.051001
63.45309649884936,10.41534963966161,0.572733,24.754999
63.45310105674132,10.415378484268924,0.50484,24.429001
63.45310536182927,10.415406295280224,0.425097,24.153999
63.45310943153158,10.415432987454215,0.361198,23.702
63.45311375966134,10.415458786244733,0.330579,23.372
63.453117931376376,10.415484727324346,0.31144,22.823999
63.453122297900144,10.41551104231682,0.303471,22.313
63.45312598271012,10.41553642209043,0.276901,22.141001
63.453129606973626,10.41556137737522,0.389385,22.823
63.45313256991511,10.415586430727112,0.579816,23.785999
63.4531358091785,10.415612653851523,0.806613,24.436001
63.45313983798948,10.415638846156549,1.053869,25.312
63.45314446100931,10.415665323780964,1.307134,26.441
63.45314930274206,10.41569258598211,1.580977,27.066
63.453154280794216,10.41572105076133,1.903364,27.427
63.453158520179365,10.41574981877269,2.238555,27.639
63.45316192360095,10.415777956385538,2.583318,28.135
63.453164387968265,10.415806094751565,2.927715,28.757999
63.453166968514736,10.415833402621177,3.262518,29.114
63.453169853401576,10.415861100060242,3.571524,29.385
63.45317337554456,10.415888403498323,3.87813,29.544001
63.45317724793183,10.415915512236923,4.185254,29.643999
63.4531813118939,10.41594279124072,4.500165,29.745001
63.45318538517151,10.41597090694596,4.807712,29.815001
63.45318934956427,10.415998720219344,5.060874,29.893
63.45319282752809,10.416027436938805,5.212134,29.989
63.45319617682616,10.416056098448554,5.272194,30.149
63.45319937979758,10.416085708848378,5.303232,30.221001
63.45320254785148,10.416114696357113,5.337693,30.257999
63.45320552748368,10.416144437096904,5.38463,30.302999
63.453208435924346,10.416173610112248,5.439732,30.370001
63.45321162158523,10.4162025286406,5.50148,30.424
63.4532151232556,10.416231334976066,5.528021,30.445
63.453218743386856,10.416260247467164,5.527228,30.448999
63.45322258151237,10.41628885513261,5.524213,30.455
63.45322642359047,10.41631737141279,5.516571,30.455
63.45323058386096,10.416346262540598,5.507476,30.452
63.45323451569877,10.416375049979266,5.513018,30.452999
63.45323818733944,10.41640396619613,5.521879,30.452999
63.453241779245616,10.416432830869404,5.536356,30.454
63.45324546874481,10.41646177470144,5.542243,30.450001
63.453249136558654,10.416491133195423,5.540298,30.450001
63.45325254743626,10.416520403931802,5.539967,30.444
63.45325598426621,10.416549434226352,5.525726,30.447001
63.4532596515231,10.416578461497595,5.516078,30.41
63.453263259787605,10.416607609604691,5.511308,30.35
63.453266939369385,10.416637052175208,5.507563,30.35
63.45327026305648,10.416665982479396,5.509348,30.389
63.45327378913408,10.416695071719616,5.512181,30.353001
63.453277489448986,10.416724016243078,5.524072,30.311001
63.453281495101386,10.41675330982854,5.524104,30.287001
63.45328585249827,10.416782491879108,5.515622,30.179001
63.45328995161143,10.416811408287032,5.516678,30.111
63.45329391745049,10.4168405939533,5.511079,30.046
63.45329790291773,10.416869650811917,5.509437,30.041
63.45330163298486,10.41689859659446,5.505883,30.007
63.45330537246633,10.41692785033598,5.512046,29.993999
63.453309175306,10.416957210185268,5.500328,29.982
63.45331294953433,10.416986988394312,5.499591,29.962
63.453316545770384,10.41701656231919,5.496637,29.983
63.4533200626133,10.417045889629772,5.490362,30.024
63.45332359130501,10.41707571136599,5.485703,30.046
63.45332723966134,10.41710567481893,5.482144,30.054001
63.45333069563439,10.41713540636637,5.479987,30.058001
63.453334305821286,10.417165099945445,5.494511,30.07
63.45333774601992,10.417194986694932,5.518068,30.068001
63.45334174655192,10.417222934641185,5.408663,29.969
63.45334632248205,10.417250959381962,5.178515,29.879
63.45335149225273,10.41727890943039,4.863565,29.823999
63.45335671410776,10.417307148395768,4.497422,29.797001
63.45336167090576,10.417335756607576,4.109277,29.705
63.45336604191212,10.417365347964465,3.705193,29.634001
63.45336987211449,10.41739507598902,3.288296,29.466999
63.45337302979284,10.41742434689965,2.853322,29.153
63.45337581405934,10.417453790711974,2.433675,28.667
63.45337926934968,10.417483135288332,2.029166,28.274
63.4533830572324,10.417512949842642,1.628136,28.0
63.45338716841892,10.417542897560203,1.241692,27.201
63.45339136745173,10.417572742897637,0.93987,26.537001
63.45339563791861,10.417602723793898,0.742443,25.777
63.453400232578616,10.417632394411852,0.633922,25.177999
63.45340461263102,10.417660670719632,0.579288,24.718
63.45340895388517,10.417687938614916,0.51947,24.337
63.45341360736689,10.417715005371674,0.452034,23.354
63.453418506223535,10.417741978971742,0.386774,22.405001
63.453423711118354,10.417768203087595,0.326876,21.767
63.45342868952984,10.417794198964804,0.31976,21.41
63.45343358744325,10.417819529283328,0.302692,21.176001
63.45343784615117,10.417845405391423,0.299408,21.198
63.45344174713183,10.4178712605575,0.360366,21.271999
63.453445296655474,10.417896770308964,0.530063,22.159
63.453447990344806,10.417921625988686,0.751312,23.597
63.45345070697712,10.417947527498178,0.98512,24.795
63.45345468139509,10.41797470950434,1.221553,25.577
63.45345914703002,10.418002744277713,1.487642,26.382
63.45346340006957,10.418031085069323,1.785358,27.142
63.4534670826158,10.418059439235622,2.11447,27.582001
63.45347020543951,10.418087357764916,2.465618,27.971001
63.4534726758435,10.418115402486162,2.825025,28.464001
63.453475368095525,10.418142501404317,3.177613,28.865
63.45347865170875,10.418169544658335,3.49707,29.291
63.45348266072085,10.418196556825665,3.808633,29.438999
63.45348692544749,10.4182234672187,4.104904,29.559
63.453491519146304,10.418250204119946,4.414325,29.660999
63.45349603967731,10.418277481438851,4.727863,29.705999
63.45350035189789,10.418305632780257,5.002779,29.753
63.453504542531455,10.418333601329934,5.186281,29.875
63.45350845700482,10.418362690490598,5.279694,29.962
63.45351214194955,10.418392239045078,5.316868,30.006001
63.45351551197176,10.418421986253868,5.343176,30.025999
63.453518975742185,10.418451716328718,5.388659,30.056
63.45352242530127,10.418481764750553,5.437793,30.068001
63.45352583688854,10.41851142859666,5.490628,30.087999
63.453529050334325,10.418541000962728,5.526282,30.084999
63.45353246134668,10.418570856797595,5.540593,30.08
63.45353602902528,10.418600905922553,5.531804,30.08
63.45353937169378,10.418630672811124,5.517899,30.077
63.45354308350713,10.4186607943494,5.515788,30.077999
63.45354673106396,10.41869035155064,5.530041,30.072001
63.45355061260507,10.418719928440204,5.528576,30.07
63.45355443657313,10.418749790561336,5.541821,30.077999
63.45355837492372,10.418779474233515,5.543936,30.073
63.45356212151985,10.418809104495958,5.542851,30.049
63.45356601745198,10.418838745842011,5.537364,30.038
63.45356979114131,10.418868735556044,5.519804,30.027
63.45357352519696,10.418898346823903,5.518808,30.023001
63.45357742171299,10.418927620765706,5.518619,30.011999
63.45358105905598,10.41895682226316,5.517327,30.007999
63.4535847297085,10.418986369718876,5.526833,30.002001
63.453588416881054,10.41901632021246,5.526931,30.004999
63.45359222830862,10.419045825412455,5.551183,30.007999
63.45359570222104,10.419075305379833,5.533895,29.996
63.45359939305872,10.41910491053858,5.527092,29.987
63.453602926915735,10.419134500344068,5.518248,29.985001
63.45360652763439,10.419163722104011,5.507155,29.98
63.453610115354415,10.419193094798809,5.491489,29.965
63.45361356183227,10.419222371743928,5.492147,29.959
63.45361711548816,10.41925181189922,5.492653,29.955
63.45362061607157,10.419281488222044,5.490577,29.948999
63.453623898436135,10.419310939971098,5.495648,29.941999
63.45362745431986,10.419340559863262,5.508381,29.940001
63.453631033074686,10.419369938106486,5.507728,29.931
63.45363472764038,10.419398710957164,5.514226,29.921
63.45363846364537,10.419428008298429,5.514044,29.908001
63.45364218967906,10.419456793434415,5.513837,29.898001
63.45364570609078,10.41948594656803,5.544047,29.886
63.45364987726683,10.419513861437943,5.474588,29.862
63.453654497142566,10.419541278370213,5.279905,29.829
63.4536594667236,10.419568879412246,4.981634,29.76
63.45366449418311,10.41959713624642,4.626722,29.722
63.45366925819359,10.41962581623842,4.241658,29.695999
63.45367358988068,10.41965485803128,3.835788,29.617001
63.45367674647207,10.41968398779581,3.409735,29.483999
63.45367915037375,10.419713418517157,2.973478,29.164
63.45368154920894,10.419743106281883,2.534694,28.761
63.453683931865456,10.419772426596792,2.105287,28.271
63.453687137504886,10.41980171096966,1.700728,27.976
63.45369090650501,10.419831997231665,1.302984,27.143
63.45369470634431,10.419862850293889,0.982149,26.565001
63.45369847401493,10.419892267985697,0.777257,25.662001
63.45370240588866,10.419920168781346,0.667457,25.006001
63.45370673137737,10.419948581295868,0.6031,24.367001
63.45371143647631,10.419976455355604,0.524271,23.422001
63.45371623321243,10.420001806526807,0.469189,22.806999
63.45372195175516,10.42002363641604,0.421498,22.247
63.45372942673857,10.420044795786737,0.432626,21.856001
63.453738041828274,10.420063670004176,0.467088,21.851999
63.45374722730351,10.4200803134394,0.509832,22.104
63.453757513296274,10.420094623206433,0.549138,22.379999
63.45376891053245,10.420104791620524,0.518282,22.440001
63.45378019923414,10.420115593645637,0.601069,22.851
63.45379007308866,10.420129683112872,0.818674,24.027
63.4537983985075,10.42014704952872,1.046126,25.059999
63.4538055964324,10.420167594276002,1.3011,25.841
63.453810970282426,10.420190733180217,1.558782,26.761
63.45381405303227,10.420215679668075,1.648966,27.238001
63.45381498066895,10.420242508631226,1.633044,27.452
63.45381461694094,10.420270068985069,1.537393,27.415001
63.453812314890286,10.42029668651175,1.356764,26.905001
63.45380821539983,10.420322190098966,1.074406,26.443001
63.45380222254743,10.420346293886512,0.752577,25.525999
63.4537945486949,10.420369014482509,0.566845,24.146999
63.4537864696032,10.42038689330552,0.508838,23.271999
63.45377760014643,10.42039897700226,0.498603,22.462999
63.45376781915978,10.4204082509528,0.406022,21.815001
63.45375854777862,10.420414040322417,0.333705,21.231001
63.453748850613806,10.420416105534684,0.361638,20.871
63.45373890305248,10.420412774520946,0.314113,20.457001
63.45372938315229,10.420406271126645,0.236154,19.738001
63.45372138657088,10.420397693663736,0.233614,19.055
63.45371326779159,10.420386154654684,0.347244,19.947001
63.45370480883813,10.420371064534692,0.429224,20.611
63.45369740094094,10.420354561468905,0.408642,20.559
63.45369049703476,10.420335751567231,0.440144,20.841999
63.45368405423402,10.420312488488042,0.488287,21.139999
63.453678789709,10.420288283590242,0.493277,21.319
63.45367458940956,10.420262184874131,0.503429,21.58
63.45367060023227,10.420233901897284,0.52058,21.708
63.45366763580856,10.42020360175257,0.519701,21.896999
63.4536641865639,10.420172726696771,0.489729,21.798
63.453660998747054,10.420141762789154,0.483881,21.780001
63.45365621554855,10.420109269789435,0.449941,21.613001
63.45365039351087,10.420078438163792,0.409232,21.322001
63.453643056724346,10.420051858220267,0.456428,21.379
63.45363376532871,10.420027317829438,0.487031,21.535
63.45362333602765,10.420006413999715,0.480656,21.492001
63.45361228562216,10.419989052401792,0.454576,21.292
63.45360032182728,10.419975536551984,0.420736,21.187
63.45358789802291,10.4199648134279,0.409055,20.989
63.453575412441374,10.41995643715186,0.477665,21.070999
63.45356263179908,10.419949988120417,0.584612,22.007
63.453549001350176,10.419943281810207,0.631153,22.878
63.45353473252222,10.419935653983616,0.548521,22.318001
63.4535208370163,10.41992582477055,0.429388,21.635
63.45350758371624,10.419916017234062,0.370131,21.073
63.45349489968779,10.41990547135107,0.394306,21.066
63.45348167771199,10.419894114377474,0.379549,20.809
63.45346874667369,10.419883217572368,0.311566,20.291
63.45345674754805,10.419873749669197,0.343909,19.975
63.453445263157285,10.419865767599568,0.460041,20.809
63.45343308829416,10.419857737484628,0.530527,21.790001
63.4534199616027,10.41984851891596,0.493355,21.823999
63.453406684676935,10.41983956100501,0.432529,21.681
63.45339357124462,10.41982883532725,0.426822,21.594
63.45338098720769,10.419819021332149,0.46525,21.763
63.45336799993483,10.419809363638649,0.486774,21.858
63.45335448448829,10.419799205284654,0.475184,21.771
63.45334097541979,10.41978943704018,0.458641,21.664
63.45332792527382,10.419779056764874,0.457369,21.729
63.45331463537637,10.419769072090766,0.463219,21.846001
63.45330103494019,10.419759011252957,0.468832,21.846001
63.45328731867519,10.419749500621736,0.496734,21.902
63.45327414666371,10.41974089982297,0.603753,22.121
63.45326106964911,10.419731938993356,0.728023,23.238001
63.45324776352809,10.419722472049653,0.762281,23.999001
63.45323419773096,10.41971169545461,0.684369,23.893999
63.45322038898436,10.419700387579043,0.560939,23.054001
63.45320669875255,10.419689518327164,0.482972,22.539
63.45319323574967,10.419677673251478,0.501077,22.195999
63.45318016038798,10.419666132534106,0.543,22.218
63.45316697084138,10.419655026087622,0.546822,22.250999
63.45315365453345,10.41964368836574,0.494655,22.077999
63.45314062206633,10.419633672597756,0.476821,21.99
63.45312756681792,10.419623432941416,0.492656,21.996
63.45311451048255,10.419612814836931,0.491022,21.927
63.45310175099559,10.41960263785876,0.50838,21.948999
63.45308916424575,10.419592834494072,0.543995,22.111
63.45307652296814,10.41958312191184,0.532271,22.177
63.45306316571499,10.419571955978448,0.463546,21.922001
63.453049767597456,10.419560272979757,0.382733,21.528999
63.45303727449702,10.419549196889852,0.41453,21.202
63.45302515673083,10.419540153698016,0.503201,21.636999
63.45301253158698,10.419531379034112,0.55034,22.066
63.45299911412872,10.419521953959457,0.478889,21.983999
63.45298574801817,10.419511297205151,0.399307,21.666
63.45297357016365,10.419501010686856,0.355565,21.471001
63.45296156259384,10.419491624709512,0.367397,21.465
63.4529490353664,10.419481943524053,0.441124,21.747999
63.45293640606334,10.419472603366325,0.492255,21.893
63.45292387124512,10.419463276731612,0.490883,21.907
63.45291106170401,10.419452658848703,0.472287,21.889
63.45289837167481,10.419442846379184,0.501349,21.864
63.45288587696639,10.419434577881525,0.59964,22.309
63.45287296518798,10.41942677728561,0.659036,23.150999
63.452859503855976,10.419417215515818,0.597947,23.028
63.45284619926209,10.419407289417151,0.464532,22.775999
63.45283457705173,10.419397786454004,0.506621,22.591
63.452823736708375,10.41938852234912,0.690328,23.385
63.45281291634356,10.419379059513416,0.93307,24.416
63.45280204182828,10.419368732411664,1.203019,25.311001
63.45279147816614,10.419357323996946,1.480702,26.462999
63.4527805365916,10.419344565419667,1.794618,27.219999
63.45276933799995,10.419329993605617,2.114282,27.594
63.45275800396028,10.419314148986336,2.435595,28.037001
63.45274626387295,10.419298087127537,2.769463,28.503
63.45273454074581,10.419281736980626,3.114446,29.032
63.45272278043738,10.419265914365736,3.478648,29.299999
63.45271095115629,10.419251349163138,3.865705,29.424999
63.45269911306272,10.419237358129598,4.252578,29.534
63.4526872676299,10.419222827919144,4.648009,29.614
63.45267534654094,10.419208353514994,4.95505,29.690001
63.45266336229141,10.419193704300506,5.135319,29.728001
63.45265116774618,10.419179559853893,5.203794,29.749001
63.45263869740008,10.419165625097488,5.241812,29.764999
63.452626044830645,10.419152465030797,5.29631,29.775999
63.45261363137488,10.41913917745318,5.366569,29.785
63.45260089676228,10.41912551194842,5.439747,29.796
63.45258841675928,10.419111449043797,5.501847,29.839001
63.45257596019334,10.41909726594406,5.520389,29.878
63.45256347477351,10.419083002511572,5.514236,29.93
63.45255104651349,10.41906881146514,5.539383,29.951
63.45253899931898,10.41905478370443,5.459432,29.879
63.45252678708592,10.419040993904716,5.2131,29.823999
63.45251432175242,10.419027269066854,4.857661,29.761
63.45250157740208,10.419014226231283,4.4565,29.669001
63.45248875547319,10.419001455127551,4.021132,29.598
63.45247598775766,10.418987738823036,3.57926,29.545
63.45246303739658,10.418973572879969,3.131528,29.409
63.452449932273694,10.41895912718567,2.685618,29.166
63.45243669913183,10.418945034170118,2.222279,28.414
63.45242328539259,10.418931489484237,1.73941,28.108
63.45241025051799,10.418918165745897,1.260411,27.639999
63.45239764386147,10.418904936584193,0.937632,26.545
63.45238549687307,10.418890283895683,0.765383,25.502001
63.45237366851723,10.418874750521349,0.698797,24.874001
63.452361832678434,10.418860308944518,0.653327,24.297001
63.45235015879696,10.41884489952901,0.598838,23.823999
63.45233829898211,10.418828011239986,0.480289,23.143999
63.45232650509465,10.41880998084924,0.336141,22.193001
63.45231518849128,10.418794483858065,0.287858,21.035999
63.452304763403326,10.41878047333153,0.311925,20.66
63.452294258266456,10.418766238909368,0.337569,21.059999
63.45228283824,10.41875231769521,0.283865,20.396
63.45227207239397,10.4187391149107,0.187531,19.665001
63.45226242389091,10.418726738671747,0.225745,18.924
63.45225232359796,10.418715639978158,0.324097,19.853001
63.45224129299135,10.418704468061916,0.390837,20.639999
63.45223015013121,10.418693661686032,0.346626,20.58
63.45221898608879,10.418680817669536,0.250083,20.297001
63.45220860623102,10.418669114756277,0.255497,19.895
63.45219812439646,10.418658345384936,0.320836,20.393
63.45218817817363,10.418647635054963,0.445054,21.082001
63.45217880415991,10.418638233815049,0.601972,21.997
63.45216848221655,10.41862775524137,0.85543,23.759001
63.4521571525876,10.41861803393892,1.143671,25.136999
63.45214567444911,10.418607685113402,1.485896,26.188
63.45213420658735,10.418595999152194,1.835988,27.124001
63.45212278162915,10.418583458160128,2.18518,27.566999
63.452111172992346,10.418568828603124,2.529914,28.271999
63.45209958560071,10.418553410861904,2.865103,28.843
63.45208799670888,10.418537735544316,3.209896,29.148001
63.452076076778745,10.418522528759706,3.581028,29.364
63.45206411374743,10.418508788537077,3.957734,29.468
63.45205218730451,10.418494584632665,4.356005,29.559999
63.452040222898766,10.418479854459497,4.730262,29.636999
63.45202828652946,10.418464873431082,5.00422,29.718
63.452016417183486,10.418449455100143,5.146304,29.790001
63.452004122907255,10.41843431146386,5.205147,29.841999
63.45199162344674,10.418419829624227,5.254195,29.865
63.45197915796951,10.418405585777,5.31839,29.879
63.451966531577,10.41839154433658,5.409875,29.893999
63.4519539823498,10.418377295588412,5.463168,29.903999
63.45194128824225,10.418363582289553,5.499127,29.937
63.45192849133146,10.418349718697227,5.498237,29.934
63.45191556584474,10.418336051369703,5.498807,29.971001
63.45190258716876,10.418322060791189,5.508575,29.955999
63.45188990238573,10.418307547107714,5.518855,29.962
63.451877138506006,10.418292835905758,5.533949,29.988001
63.45186475623077,10.418278313119895,5.547045,30.023001
63.45185229994331,10.41826407860501,5.555757,30.031
63.45183970000619,10.418249304312804,5.549773,30.027
63.45182716530476,10.41823440981915,5.54293,30.030001
63.451814619787605,10.418219944685992,5.529211,30.035999
63.45180218981181,10.418205542785184,5.522564,30.009001
63.45178969664849,10.418191391130708,5.518678,29.981001
63.45177724899384,10.418177110084118,5.519751,29.986
63.451764709369634,10.418163242438036,5.527194,29.98
63.45175209380183,10.418148948490868,5.533251,29.962
63.45173960557924,10.41813506492375,5.522729,30.004
63.45172695519272,10.4181208458204,5.517312,30.021999
63.451714510143184,10.41810685311226,5.506879,29.981001
63.451702153092654,10.41809241267921,5.498752,29.966999
63.45168948255691,10.418078629709797,5.494973,29.959
63.451676634522975,10.418065526948723,5.493032,29.959999
63.451663795112864,10.418052406394114,5.4958,29.962999
63.451650975312994,10.418039752627555,5.507152,29.969
63.451638538483046,10.418025197532868,5.508615,29.981001
63.451625582705134,10.418012661514288,5.516065,29.975
63.45161314300058,10.417998043896606,5.512995,29.973
63.45160071358174,10.417983921886217,5.505909,29.976
63.45158862245061,10.417969026515234,5.501929,29.969
63.45157666235679,10.41795379077847,5.490629,29.954
63.45156475737463,10.4179381772341,5.497822,29.951
63.451552988505256,10.417922851406924,5.497501,29.955
63.45154114766284,10.417908018713968,5.504939,29.955
63.4515293578178,10.417893432614989,5.507643,29.951
63.451517323990224,10.417879404626794,5.502616,29.958
63.45150522806209,10.417865786967784,5.500548,29.961
63.45149303331025,10.41785242876896,5.485189,29.959999
63.45148064472884,10.417839376575728,5.48174,29.961
63.45146816610027,10.417826396767229,5.487083,29.957001
63.45145571570576,10.41781261590965,5.48736,29.954
63.451443364548176,10.41779795738522,5.495716,29.952
63.45143116691274,10.41778343570035,5.500178,29.952999
63.45141852503327,10.417770653387905,5.493068,29.955
63.45140615920619,10.41775867342366,5.529788,29.950001
63.45139481293146,10.417747891600373,5.489212,29.945
63.45138341607257,10.417742810325576,5.320177,29.923
63.451372226185605,10.41774278682373,5.055611,29.875999
63.451361332931455,10.417747841389422,4.717539,29.802999
63.45135099056939,10.417757068722038,4.34806,29.754
63.45134135851449,10.417770860212366,3.974576,29.726
63.45133278109116,10.417788438792073,3.600946,29.672001
63.45132556369977,10.417809148881176,3.234941,29.618
63.45131947468268,10.417832554308948,2.873442,29.524
63.45131522393383,10.417858154755622,2.523727,29.034
63.45131332946696,10.417885190991043,2.167639,28.431999
63.45131372505822,10.417913060736009,1.820706,28.208
63.451316146297394,10.41794139098652,1.473251,27.976
63.451320882271446,10.41796863309404,1.12275,26.808001
63.45132786129478,10.417993395973726,0.764347,25.285999
63.45133702552484,10.41801333167461,0.490739,24.099001
63.45134673091823,10.418028236757818,0.31478,23.333
63.45135501281368,10.4180375556762,0.205733,22.597
63.45160563994481,10.41795012379716,0.179052,22.045
63.45176436038299,10.417850156268893,0.175035,21.479
63.45179444414793,10.417840646490603,0.216144,20.913
63.45180240967456,10.417842394035684,0.263461,20.950001
63.451810343679306,10.417845776810877,0.319174,21.165001
63.45181845986247,10.417851654815362,0.374287,21.438
63.45182597826146,10.417856322491406,0.399697,21.745001
63.45183331531749,10.417858540344492,0.433799,22.054001
63.45183862755204,10.417860011243318,0.477934,22.337999
63.45184233672435,10.417875551783393,0.522492,22.634001
63.451844242438135,10.417892269561989,0.630117,22.900999
63.451844334138194,10.417912543186596,0.748698,23.507
63.45184313599172,10.417935826294151,0.878023,24.261999
63.45184092309889,10.41796429701498,0.882135,24.408001
63.45183850254244,10.417994661148274,0.735763,23.709999
63.45183713278174,10.418027790586631,0.425031,22.700001
63.45183863605011,10.418062294062342,0.163831,20.917999
63.45184303414069,10.418095192466549,0.098481,17.528
63.45184673152709,10.418127418441308,0.109521,15.761
63.45185320448429,10.418162139703398,0.104851,15.123
63.45185728525385,10.418197692087883,0.131095,14.206
63.45186773138037,10.418245950155052,0.133386,13.79
63.45187167193183,10.41827708692302,0.129085,13.905
63.45187746528629,10.41831075489687,0.124667,13.62
63.45188353044412,10.418346296808364,0.11049,14.042
63.45189147966633,10.418380992779031,0.148315,13.368
63.45189751399396,10.418414016229594,0.1402,13.117
63.45190610471237,10.418444273452304,0.131516,12.859
63.45191724456315,10.418472693098352,0.145241,12.917
63.45193036757151,10.418495832792836,0.138236,12.905
63.45194519123514,10.418514670791849,0.150092,13.273
63.45196147676377,10.41852884573161,0.143363,13.467
63.45198007347893,10.41853797880526,0.132007,13.588
63.45199904548343,10.418542292733074,0.125809,13.738
63.45201757063876,10.4185436930487,0.131779,13.911
63.45203490244462,10.418545705787375,0.119167,14.041
63.45205180843988,10.418548345302282,0.130848,13.956
63.45206840527082,10.418551907843709,0.137576,13.856
63.45208555511387,10.418557409423004,0.128683,14.002
63.45210306792135,10.418564774522,0.126362,13.939
63.45211932850376,10.418576415721567,0.117795,13.728
63.45213566325111,10.418590640500604,0.121479,13.591
63.45215130742728,10.418606927251394,0.110429,13.603
63.45216603767506,10.41862243542128,0.10332,13.636
63.45217979895467,10.418637916978309,0.090668,13.948
63.45219266797326,10.41864851890572,0.088215,14.186
63.4522048925402,10.418656324288296,0.076861,14.458
63.45221551171823,10.41866670114346,0.101206,14.509
63.45222604447831,10.4186728260648,0.09115,14.416
63.45223529211699,10.418681050235314,0.102689,14.089
63.45224431543726,10.418686531931286,0.093324,14.132
63.45225398237376,10.41869147098774,0.0923,13.989
63.45226375588642,10.418696661536032,0.099241,14.026
63.452273746521975,10.418702961154665,0.0961,14.075
63.45228387245285,10.418711523552084,0.113236,14.279
63.45229548430563,10.418719415307509,0.119021,14.774
63.45230642340981,10.418731200008123,0.168141,15.491
63.45231712415492,10.418746117766672,0.19547,16.163
63.4523282960037,10.418763060431832,0.296842,17.584999
63.45233767310763,10.418783041914706,0.509579,20.086
63.4523437987221,10.418802580261424,0.656866,21.974001
63.45234663501904,10.418820465907594,0.735463,22.809999
63.45234496212173,10.418849270272144,0.767587,23.555
63.45234093158598,10.418878389861923,0.684547,23.613001
63.45233462510463,10.418905184749576,0.606864,23.356001
63.45232695454892,10.418927415093592,0.635561,23.302999
63.45231697611249,10.41894649816387,0.648062,23.284
63.452306047770136,10.418960050741582,0.602289,23.122999
63.45229453377987,10.41896976588205,0.588361,23.011999
63.452281641809314,10.41897513546376,0.607952,22.976
63.45226863791761,10.418975517638538,0.598278,22.871
63.45225626009802,10.418970664234353,0.56512,22.716999
63.45224456976839,10.418962099468729,0.575748,22.712999
63.45223329572722,10.418949861337836,0.630825,22.973
63.45222282835554,10.41893349603644,0.704664,23.136
63.45221349285261,10.4189129993766,0.742183,23.399
63.45220602831661,10.418889947932904,0.788613,23.681999
63.452200320778246,10.418864707212965,0.811218,23.809
63.45219641127257,10.41883808018175,0.771072,23.777
63.45219385035429,10.418808195872492,0.630014,23.381001
63.45219249156202,10.418775203336743,0.460307,22.796
63.45219186541805,10.418741623366696,0.355832,21.947001
63.45219007072709,10.418707086850842,0.345832,21.111
63.45218648704949,10.418672965728495,0.329029,20.621
63.45218135252871,10.418642026983754,0.358927,20.332001
63.45217424418386,10.418615738962856,0.348722,20.384001
63.45216511778187,10.418591424224251,0.325489,20.384001
63.45215485348342,10.418570679670482,0.245706,19.899
63.45214552311886,10.4185569265994,0.265938,19.42
63.452135001327214,10.418549086752837,0.425884,20.362
63.452122487673314,10.418543192612818,0.381185,20.896
63.45210900643464,10.418536243226908,0.283831,20.214001
63.45209776617912,10.418527837683714,0.265159,19.738001
63.452086950368766,10.418517486617825,0.352129,19.945999
63.4520766594712,10.418505736005583,0.449958,21.049999
63.45206509881343,10.418492616631369,0.49333,21.622
63.452052454122224,10.418477325051464,0.459766,21.761
63.45204014806009,10.41846200227941,0.456167,21.747
63.45202865908792,10.418447384482343,0.507439,21.92
63.45201617100008,10.418432719224873,0.608896,22.684
63.45200230807606,10.418417809502024,0.596617,22.808001
63.451988236527214,10.418402067383674,0.512518,22.612
63.45197472396427,10.41838609175548,0.4922,22.427
63.451961446472566,10.418370572528069,0.522555,22.517
63.4519478885357,10.418355171022313,0.521614,22.489
63.45193381959197,10.41833983870083,0.497011,22.327
63.45192029209004,10.418324624915412,0.473599,22.201
63.45190727489428,10.418309844927586,0.498011,22.296
63.45189455351387,10.41829469394384,0.520217,22.424999
63.45188139651325,10.418279858735826,0.498368,22.360001
63.451868036915485,10.41826389982524,0.427484,22.07
63.451854903765145,10.41824713132648,0.347265,21.455999
63.45184198211424,10.41823157306554,0.306894,20.877001
63.45182921343751,10.418216636814396,0.347333,20.666
63.45181703403788,10.418202714005233,0.437441,20.833
63.45180512521093,10.418191130049893,0.584897,21.737
63.45179238957425,10.41817943669993,0.658317,22.674999
63.4517788520561,10.41816534246325,0.552607,22.721001
63.45176554564762,10.418150244204472,0.429338,22.393999
63.45175348727806,10.418137394275051,0.446557,22.07
63.45174258826571,10.418124645822422,0.577105,22.268999
63.45173066546096,10.41811123348504,0.687537,22.862
63.4517181106193,10.418096445827748,0.646062,22.931999
63.451704979930334,10.41808092262914,0.523499,22.66
63.45169174699509,10.418065940396003,0.408496,22.1
63.451679049455976,10.418051192619275,0.434512,21.753
63.451666999306006,10.418036649257765,0.530761,22.131001
63.451655338728585,10.418023286137831,0.575646,22.457001
63.45164299688654,10.418009318052787,0.547456,22.541
63.4516299476299,10.417994391141134,0.457325,22.208
63.45161706888255,10.417978292151924,0.404981,21.714001
63.45160487316952,10.417964283058945,0.432476,21.525999
63.45159394797126,10.417951109686266,0.528301,21.812
63.45158250492098,10.417938550793638,0.626359,22.497
63.4515700842697,10.417925001697014,0.633828,22.787001
63.45155687107045,10.41790922041054,0.492701,22.499001
63.451544031938816,10.41789306937455,0.343356,21.995001
63.45153253967881,10.417880214865,0.354196,21.466
63.451522071750176,10.417867707151528,0.494296,21.735001
63.45151017403539,10.417855926572,0.63256,22.57
63.45149748157176,10.417842652267904,0.619333,22.705
63.45148480555629,10.417829174340993,0.547538,22.59
63.45147244110363,10.41781574803297,0.510653,22.402
63.45145928163264,10.417800913283353,0.467593,22.233
63.45144579730376,10.417784725377356,0.398529,21.879999
63.45143285550363,10.417769376707952,0.381049,21.591
63.45142095970226,10.417755028059563,0.418249,21.555
63.45140883677076,10.417741675471172,0.490234,21.931
63.45139616747469,10.417727534603252,0.53425,22.249001
63.45138347131,10.417714557282723,0.547195,22.497999
63.45137063039971,10.41769946385219,0.47751,22.431999
63.45135772121742,10.41768471205288,0.415493,22.174999
63.45134508440445,10.417670192809236,0.409688,22.002001
63.45133279287706,10.417656430526018,0.482669,22.059999
63.45132086965909,10.417643215459826,0.5726,22.424
63.45130870328504,10.417630277565848,0.573699,22.586
63.45129610498286,10.417616069342737,0.50027,22.451
63.45128334316028,10.41760218556308,0.454925,22.283001
63.451271034358285,10.417588073120127,0.49244,22.232
63.45125914637226,10.41757401352428,0.532035,22.363001
63.45124664402815,10.417559734224271,0.529718,22.424
63.45123346125485,10.417545151777825,0.461073,22.334
63.45122095260457,10.417534004892357,0.442061,22.153999
63.451209562186605,10.417521498457145,0.549713,22.237
63.45119773766658,10.4175087913917,0.656623,22.792999
63.45118512867444,10.417494569165662,0.618426,22.83
63.451172516403446,10.417479042348614,0.517589,22.615999
63.451160328496776,10.417463419953092,0.471839,22.417999
63.45114845339259,10.417448907832144,0.490765,22.354
63.45113627947269,10.417434928019896,0.54118,22.41
63.45112344473383,10.41742397557807,0.569641,22.565001
63.4511094452838,10.41741438697559,0.539391,22.613001
63.45109633255217,10.417400387370924,0.486378,22.521
63.45108413245535,10.417385608411328,0.460377,22.416
63.45107276849278,10.417370056832349,0.460145,22.348
63.45106161466421,10.417353257753536,0.481935,22.382999
63.45104984661231,10.41733716759764,0.487344,22.389999
63.45103756399621,10.417321407916972,0.455761,22.334
63.45102506452672,10.417307420182356,0.453988,22.25
63.45101270035254,10.417293764914296,0.508904,22.372999
63.45100010890451,10.417279349674654,0.528954,22.478001
63.450987697990975,10.417264905666446,0.494087,22.408001
63.450975241973005,10.417251705517966,0.464099,22.339001
63.45096267602816,10.417238419497536,0.484141,22.337999
63.450950390393714,10.417224725054403,0.507884,22.391001
63.4509384995241,10.417210863270984,0.496591,22.408001
63.45092666841942,10.417197257884151,0.465684,22.443001
63.450915107626905,10.417186177095774,0.628575,22.705
63.45090362947943,10.417175450242398,0.868342,23.645
63.45089244960869,10.417164717955073,1.135991,24.698999
63.45088072967057,10.417154616681218,1.47297,25.924999
63.450869025354166,10.41714388059982,1.832579,27.087
63.45085738464749,10.417131488516858,2.174335,27.737
63.45084614172397,10.417118176518406,2.495833,28.167
63.45083471977512,10.41710362184709,2.820883,28.948999
63.450823213124096,10.41708853539408,3.158326,29.32
63.45081152279447,10.417073284552078,3.50376,29.490999
63.45079998433408,10.417058425044049,3.861186,29.614
63.4507884532848,10.417042946710142,4.240062,29.757
63.45077674157525,10.417027271449973,4.597594,29.826
63.45076478121193,10.417011933496012,4.900503,29.884001
63.4507525003745,10.416996778882211,5.090266,29.997999
63.45074006574543,10.416982133935212,5.19237,30.110001
63.45072717548168,10.41696779556137,5.238523,30.172001
63.45071427343202,10.416953867539052,5.284442,30.209
63.45070132477775,10.4169403265468,5.356498,30.252001
63.450688328979865,10.41692673953262,5.430465,30.273001
63.45067531343701,10.416912698071114,5.477314,30.306
63.45066238204837,10.416898621046233,5.502883,30.326
63.45064934786546,10.41688421587344,5.501081,30.327
63.45063628517001,10.416869597267624,5.501908,30.330999
63.45062341163289,10.416854930880794,5.531018,30.332001
63.45061089311013,10.416840849690953,5.533255,30.325001
63.45059840776215,10.41682717948263,5.356317,30.298
63.45058568281542,10.416812982350432,5.042671,30.229
63.45057260503726,10.416798823204608,4.661349,30.063999
63.45055939211649,10.416784751128567,4.248296,29.948
63.45054601580108,10.41677108507023,3.807749,29.862
63.450532590132205,10.416757539240251,3.362542,29.701
63.45051934595005,10.416744175606482,2.916604,29.611
63.45050615879297,10.416730235449096,2.465481,29.143
63.450493150382734,10.416716512477526,2.000027,28.591
63.45048011235504,10.416704120452138,1.498135,28.075001
63.45046770705598,10.416691068611392,1.110701,26.743
63.45045645892223,10.41667647999022,0.87819,25.93
63.45044575386521,10.416660501040443,0.779716,24.830999
63.45043497122965,10.416643752361123,0.687342,24.032
63.45042387606109,10.416626834369158,0.578369,23.444
63.450412751841,10.416609829260649,0.493015,22.931999
63.45040109002391,10.416593237471677,0.403461,22.532
63.45038923684761,10.416577084795406,0.318439,22.076
63.45037750293171,10.416561828235048,0.280527,21.582001
63.450366511940814,10.41654745014395,0.273013,21.167999
63.45035610131574,10.41653389218491,0.290782,21.105
63.45034574387993,10.416519677391204,0.293898,21.187
63.4503353910974,10.416506004162487,0.280375,21.056999
63.450325342062335,10.41649338163133,0.294464,21.040001
63.45031495830588,10.416481204350228,0.323992,21.374001
63.450304702298894,10.416470262971645,0.348679,21.562
63.4502944682198,10.41645888735376,0.333518,21.504999
63.45028415574468,10.416447763794515,0.396321,21.721001
63.45027299176515,10.416436253702996,0.432004,22.013
63.45026128224749,10.416425641421464,0.445617,22.046
63.45024909214892,10.416414012175062,0.488929,22.261999
63.45023651825398,10.41640160146842,0.505068,22.357
63.450223704751295,10.416389071126284,0.501616,22.42
63.45021102038149,10.416375791940784,0.50009,22.448999
63.45019869732322,10.41636153088388,0.494658,22.483
63.45018662346671,10.41634685159372,0.467809,22.419001
63.45017492079422,10.41633200004802,0.473129,22.306
63.4501626317372,10.416316757707564,0.511198,22.421
63.45014981604263,10.416301642259205,0.511398,22.423
63.45013750861505,10.416287464672658,0.512824,22.393
63.45012488811549,10.416272828292795,0.515094,22.469
63.45011172426072,10.416258596611348,0.490232,22.424999
63.45009903357575,10.416244554549992,0.484602,22.426001
63.45008641910388,10.416229699869833,0.489827,22.504999
63.45007382026271,10.41621507088112,0.475547,22.416
63.4500615429916,10.4162010847639,0.483465,22.403999
63.45004878952335,10.416186847694602,0.525798,22.534
63.450035963138816,10.416171604783424,0.531043,22.591999
63.45002336374967,10.416156770388968,0.494605,22.551001
63.45001070651799,10.416141481532028,0.456092,22.414
63.44999815646433,10.416126726296651,0.458482,22.329
63.4499856741347,10.416112100192658,0.508008,22.458
63.44997298399771,10.416097470085042,0.506556,22.525
63.44996056608629,10.416084235668174,0.488485,22.531
63.44994869784525,10.416073498189927,0.652823,22.697001
63.449937496037634,10.416063373871632,0.917515,23.593
63.44992650367232,10.41605360624777,1.208945,24.629
63.44991551214244,10.41604410665114,1.520927,26.077
63.44990463053046,10.416033620236504,1.865588,27.247999
63.449894009088666,10.416021751152025,2.203225,27.888
63.44988352883514,10.41600846071061,2.519655,28.462999
63.44987300334244,10.415994264379846,2.828758,29.038
63.44986228457712,10.415979927283656,3.151058,29.306999
63.449851470958656,10.41596577109855,3.510966,29.459999
63.449840448724345,10.41595115552179,3.866526,29.714001
63.44982938590413,10.415936282039487,4.209806,29.858
63.44981819999671,10.415921132550144,4.565589,30.038
63.44980655381031,10.415905729384855,4.873201,30.238001
63.44979445280669,10.415890832447044,5.098979,30.403
63.44978198664674,10.415876998971354,5.208571,30.492001
63.44976909748792,10.41586332060732,5.248608,30.530001
63.449756056720354,10.415849890311394,5.285713,30.554001
63.449743121226405,10.415836395352228,5.336678,30.577999
63.44973024768929,10.415822368037736,5.400582,30.594999
63.44971752767432,10.415808326351923,5.460116,30.601
63.449704828500266,10.415794799253389,5.484557,30.627001
63.449692091758656,10.415781216048927,5.492399,30.625999
63.44967939476752,10.41576757032044,5.515941,30.646
63.44966702456564,10.415754092993206,5.50409,30.650999
63.44965473851799,10.415740585646171,5.320164,30.622
63.44964227043564,10.415726985672451,5.004868,30.572001
63.44962951395803,10.41571246629427,4.626997,30.389
63.44961642850825,10.415698349503018,4.197966,30.209
63.44960325533795,10.415685009488318,3.76025,30.046
63.44959011450701,10.41567230215169,3.313362,29.792999
63.44957719162541,10.4156593467421,2.860622,29.618999
63.44956435235903,10.4156461708915,2.404397,29.056
63.44955173377288,10.415633704700316,1.942723,28.521999
63.44953942113508,10.41562096317789,1.46348,28.101
63.44952757482192,10.415606927322688,1.067386,26.459
63.44951629213895,10.415590936336264,0.829249,25.209
63.44950517312909,10.41557432623532,0.73081,24.298
63.449493671679306,10.415557111362926,0.654757,23.881001
63.44948177245535,10.415539621994538,0.571197,23.625999
63.44947007307968,10.41552303483278,0.499806,23.194
63.44945788928729,10.415506283555304,0.427231,22.792999
63.44944538940457,10.415489724833092,0.339504,22.32
63.44943300851274,10.415473289118196,0.267759,21.856001
63.449421579440255,10.415458613147724,0.270181,21.417
63.44940974326009,10.415444346824993,0.317026,21.608999
63.449397240368015,10.41543007520551,0.287112,21.441999
63.44938523806234,10.415416524316862,0.268145,21.283001
63.44937381420008,10.4154033461083,0.298633,21.423
63.44936153171873,10.415389496214924,0.30762,21.541
63.44934935532847,10.415376512954644,0.293897,21.459
63.44933788814942,10.415363708275503,0.304798,21.487
63.44932664934019,10.415350747567828,0.35092,22.136
63.44931488471087,10.415337944110002,0.381887,22.478001
63.44930332460108,10.415325122586257,0.404967,22.594999
63.44929131324936,10.415312927207497,0.458621,22.849001
63.44927869658561,10.415299935966836,0.498282,23.033001
63.44926591680569,10.415286824211574,0.502599,22.978001
63.44925352247506,10.415273060257968,0.505314,22.952999
63.44924113609453,10.415258928944748,0.520144,23.160999
63.44922831875604,10.415244831302417,0.526995,23.292999
63.44921548798773,10.415230998629006,0.526455,23.336
63.44920298618261,10.415216656056492,0.531373,23.305
63.449190500565145,10.415201962988151,0.522574,23.298
63.44917821122965,10.415187016358225,0.51294,23.268999
63.44916598713882,10.415172095193366,0.523323,23.093
63.44915353523514,10.415157194567232,0.501448,23.023001
63.44914107977413,10.415142607666237,0.475574,23.052999
63.44912897603065,10.415128422827,0.49681,23.058001
63.44911664886708,10.415114704416352,0.522308,23.246
63.44910397161193,10.41510028402344,0.505528,23.191
63.44909185636103,10.415085816496058,0.501896,23.124001
63.44907983842466,10.415071736904432,0.527868,22.818001
63.44906737199521,10.415057060223573,0.514393,22.924999
63.44905473476901,10.415042280173246,0.489141,23.250999
63.44904236236627,10.415028218072496,0.49197,23.011
63.44903026411149,10.415014393968876,0.516924,23.013
63.44901780672809,10.415000946702271,0.532117,23.114
63.44900555631661,10.4149880014745,0.518837,23.173
63.44899382185273,10.414977585894004,0.649339,23.277
63.44898312310189,10.414968627383054,0.914408,23.792
63.448972606107255,10.41496076763555,1.213303,24.671
63.448962330912245,10.414951977868412,1.512972,26.434
63.44895224240519,10.41494241872841,1.822057,27.363001
63.44894226081568,10.414931430609236,2.137763,27.702
63.448932326378745,10.414919564557184,2.445225,28.101999
63.44892261180457,10.414906696418914,2.738683,28.784
63.44891279935891,10.41489306990525,3.046546,29.186001
63.44890280515703,10.41487899475675,3.363515,29.42
63.44889270514256,10.41486488801169,3.676602,29.746
63.44888248257987,10.41485026087549,3.991762,29.912001
63.448872136373005,10.414834972912889,4.310704,30.031
63.44886158813495,10.4148198462104,4.655593,30.139
63.44885059960544,10.414804436739994,4.953788,30.263
63.44883905868368,10.414789424620228,5.165311,30.35
63.44882697523314,10.41477517876764,5.260739,30.417999
63.44881442436203,10.414761490065953,5.28698,30.473
63.448801702703136,10.41474812945204,5.304075,30.507
63.448789055882926,10.414734945790768,5.353644,30.535999
63.44877649761867,10.41472205562406,5.413803,30.558001
63.44876403803439,10.414708913107866,5.470777,30.568001
63.44875152116452,10.414695464865632,5.508001,30.579
63.4487390040072,10.41468146345547,5.504288,30.639
63.4487265951508,10.414667308111298,5.526957,30.653
63.448714566246,10.414653065749418,5.511543,30.659
63.44870250307943,10.414639284290509,5.334126,30.597
63.44869020963864,10.414625382897624,5.030132,30.455
63.44867774950638,10.414611729286426,4.647061,30.306999
63.448665005093154,10.414598715626598,4.229019,30.197001
63.44865210468742,10.41458638668883,3.797562,30.094
63.44863915302378,10.4145746965247,3.352851,29.862
63.448626380376496,10.41456338203809,2.895824,29.5
63.448613982201074,10.414551581874903,2.437903,29.002001
63.44860181595279,10.414539240511036,1.990969,28.615
63.44858986053021,10.41452670199666,1.516158,28.32
63.44857832289628,10.414513875320033,1.101311,26.872
63.44856691630863,10.414500005138828,0.847846,25.542
63.44855572354705,10.414484944880378,0.726532,24.906
63.44854456477775,10.414469409657372,0.673316,24.372
63.4485331329654,10.414452417820662,0.615498,23.681
63.44852159479247,10.414434391659572,0.516015,22.983999
63.44850961468417,10.414418350086244,0.422683,23.139999
63.448497392246246,10.41440236402396,0.3845,22.580999
63.44848494390887,10.41438551993081,0.333772,22.551001
63.44847256246009,10.414369566654834,0.287644,22.33
63.44846046611873,10.414354717383215,0.290964,22.25
63.44844795966034,10.4143396803957,0.3032,22.214001
63.44843528268368,10.414325280618431,0.295762,22.312
63.448423080529714,10.41431216452644,0.296503,22.433001
63.44841079667394,10.414299057640337,0.317389,22.329
63.448398466222535,10.41428508263651,0.31211,22.280001
63.44838695710114,10.41427179861207,0.326172,22.297001
63.44837567332223,10.414259051578895,0.368637,22.497999
63.448364227253606,10.414244857157264,0.396034,22.517
63.44835224660632,10.41423097791784,0.420268,22.618
63.448340486917736,10.414217853352731,0.434329,22.712
63.44832836919646,10.414204949255192,0.472907,22.867001
63.44831575034082,10.41419196078834,0.473229,22.955999
63.4483029960551,10.414178331426202,0.485692,22.996
63.44829042983177,10.41416537303241,0.510704,22.983999
63.44827800617114,10.414151962056884,0.535735,23.002001
63.44826547448804,10.414138090815763,0.553085,23.094999
63.448253039311,10.414123721591384,0.533616,23.127001
63.44824084373271,10.414109875551787,0.509888,23.129
63.44822863389815,10.414095716442723,0.514415,23.114
63.448216357175,10.41408118415104,0.515089,23.055
63.44820423671386,10.414066244959685,0.504869,22.955999
63.44819228237824,10.41405114482786,0.505195,22.955
63.44817990147743,10.414036543552193,0.519978,23.011
63.448167172416426,10.414022002983064,0.508171,23.02
63.448154725175,10.414007202110128,0.506043,22.986
63.448142489019794,10.41399334573352,0.515201,22.964001
63.44812991457688,10.41397931761144,0.523821,23.002001
63.44811722992859,10.4139647173116,0.502983,22.881001
63.44810488849977,10.413950158739654,0.488259,22.812
63.44809261506446,10.413936291676354,0.512313,22.889999
63.44808018921193,10.413921719334567,0.520972,23.007999
63.448067624084544,10.413907426347848,0.514626,23.111
63.44805533913283,10.41389343574856,0.46841,23.110001
63.44804329324088,10.413880468741846,0.490777,23.122
63.44803076704649,10.413869568785298,0.662242,23.384001
63.44801859065623,10.413860039267789,0.917039,23.733999
63.44800721038024,10.413851510403129,1.24109,25.579
63.44799659607107,10.413842931019593,1.58055,27.125
63.44798651468766,10.41383296138722,1.858049,27.773001
63.44797672664924,10.413821412600097,2.146194,28.280001
63.4479668941891,10.413808487898097,2.443566,28.638
63.44795701074955,10.413794963091004,2.753816,29.041
63.447947030255975,10.413780478515708,3.039197,29.503
63.44793701247332,10.413765385558763,3.342945,29.834
63.44792683843763,10.413750035026204,3.641133,29.971001
63.447916404510245,10.413734647683778,3.949515,30.045
63.44790569479097,10.413719863167234,4.280988,30.111
63.44789474985672,10.41370563459613,4.619452,30.150999
63.44788344360195,10.4136913676586,4.914814,30.173
63.44787178370726,10.4136771543756,5.122433,30.354
63.44785979647531,10.413663235741351,5.221512,30.549999
63.44784748685585,10.4136492870453,5.256576,30.625
63.44783498532921,10.413635562192724,5.290872,30.666
63.44782253096415,10.413621818044234,5.337658,30.686001
63.44781007768604,10.41360803066127,5.401329,30.693001
63.447797543263086,10.413594099154675,5.452525,30.704
63.44778494470039,10.413580052062551,5.480734,30.715
63.44777240918149,10.413565840945266,5.488946,30.716999
63.44775993835928,10.413551480332448,5.505599,30.721001
63.44774767534443,10.413537241511854,5.517524,30.725
63.44773549895417,10.413523238054426,5.376074,30.726
63.44772320249503,10.41350923765292,5.098133,30.715
63.44771068999995,10.413495213330414,4.742429,30.516001
63.44769793681917,10.413481472632649,4.336925,30.318001
63.4476851386687,10.413468072789511,3.92153,30.229
63.44767236629091,10.413454942787885,3.49286,30.174999
63.44765961036128,10.41344212235609,3.053394,30.107
63.44764676012647,10.413429872589726,2.607733,29.813
63.44763418623152,10.41341792304956,2.156576,29.436001
63.44762186728754,10.41340604775534,1.702015,28.99
63.44760978575042,10.413393262371205,1.244015,28.409
63.44759833310613,10.413379095201316,0.915233,27.594999
63.44758725494269,10.413364803881692,0.75945,25.808001
63.44757623543926,10.413350249182225,0.699152,24.406
63.44756466655292,10.41333496663939,0.643038,23.902
63.4475527900833,10.413319399366715,0.553344,23.6
63.44754094705797,10.413304086019872,0.452089,23.247999
63.4475288353644,10.413288245833316,0.380135,23.047001
63.44751616771224,10.413272486280238,0.351128,22.917
63.44750337010975,10.413256576796384,0.308649,22.774
63.44749118549989,10.413242434956688,0.301022,22.648001
63.44747872564612,10.413228595327324,0.341955,22.628
63.44746589405136,10.413213877136007,0.34849,22.632
63.447453552083545,10.413199230013946,0.327155,22.607
63.44744149741505,10.413184786817633,0.343643,22.586
63.44742911706221,10.413170164696623,0.362273,22.614
63.4474164252813,10.41315590422693,0.366448,22.618
63.44740370554481,10.413141763377295,0.384371,22.674
63.4473911974425,10.4131284190281,0.386716,22.67
63.447378860406445,10.413114517088651,0.432301,22.669001
63.44736629253919,10.413099596193735,0.457971,22.674
63.447353723576,10.413084710278277,0.443455,22.68
63.44734173579609,10.41307106765512,0.43524,22.667999
63.44732949416115,10.413057009387064,0.481088,22.761999
63.44731679580457,10.413042524568636,0.495385,22.763
63.44730460900282,10.413028623034547,0.474265,22.733
63.44729275610501,10.413015003457197,0.499985,22.796
63.44728047279721,10.413000538499295,0.528764,22.83
63.44726807599621,10.412985891379366,0.510794,22.759001
63.44725611398898,10.412972016274004,0.48461,22.691999
63.44724415800944,10.412958093493852,0.494202,22.757999
63.447231965727966,10.41294358363735,0.527523,22.764999
